"slug","level","filename","size","prompt","priority","theme_name","negative_prompt","alt_text_en","notes"
"bible","easy","/public/images/themes/bible-easy.webp","1200x900","Hand-painted gouache and soft risograph illustration on warm cream paper, editorial magazine style, visible brush texture and slight ink misregistration, muted earth tones (paper #F4EFE6, ink #2C241B, moss #3D5A45, ochre #E8C99B, walnut #6B4F3A), flat soft lighting, quiet adult mood, no people faces, no text, no letters, no logos, no watermarks, square-safe composition with breathing room, tactile handmade feel. FIXED CAMERA / SAME SERIES RULES: identical viewpoint, camera distance, table or shelf plane, palette, and soft indoor light as the other two difficulty frames for this theme. Same prop base language — only object count and scene fullness change. Keep calm adult editorial mood; denser detail must still feel quiet, never chaotic. Square-safe 4:3 difficulty illustration for Words at Rest theme 'Bible' (bible), DIFFICULTY LEVEL: EASY. Motif: a single closed old leather-bound Bible with a soft ribbon bookmark centered on a wooden table, generous empty cream-paper negative space around it (1–2 objects only). Leave bottom ~20% slightly simpler for optional UI overlay. No readable text. WordsAtRest editorial gouache risograph v1. WordsAtRest difficulty progression v1 — bible-easy.","P0","Bible","text, letters, typography, watermark, logo, brand name, UI mockup, photorealistic stock photo, glossy 3D render, plastic CGI, purple neon gradient, floating blobs, sparkles, glitter, lens flare, oversmoothed skin, beautiful young influencer face, children, kids cartoon, Disney, Marvel, anime, chibi, emoji, clipart, Busy Beaver, stock cafe cliché with latte art heart, cyberpunk, hyper-saturated, busy collage, chaotic composition, extra fingers, deformed anatomy, lowres, blurry, jpeg artifacts, Santa face, cupid, bunny mascot, cartoon turkey mascot, crucifix as logo, glowing cross icon, crucifix as logo, glowing cross icon, church clipart, halo, Jesus face, saints portrait","Bible word search — easy difficulty illustration","Large Print reuses easy"
"bible","easy-640","/public/images/themes/bible-easy-640.webp","640x480","(derive from master with node scripts/derive-images.mjs — do not regenerate separately unless needed)","P0","Bible","","Bible word search — easy difficulty illustration (640w)","derived"
"bible","medium","/public/images/themes/bible-medium.webp","1200x900","Hand-painted gouache and soft risograph illustration on warm cream paper, editorial magazine style, visible brush texture and slight ink misregistration, muted earth tones (paper #F4EFE6, ink #2C241B, moss #3D5A45, ochre #E8C99B, walnut #6B4F3A), flat soft lighting, quiet adult mood, no people faces, no text, no letters, no logos, no watermarks, square-safe composition with breathing room, tactile handmade feel. FIXED CAMERA / SAME SERIES RULES: identical viewpoint, camera distance, table or shelf plane, palette, and soft indoor light as the other two difficulty frames for this theme. Same prop base language — only object count and scene fullness change. Keep calm adult editorial mood; denser detail must still feel quiet, never chaotic. Square-safe 4:3 difficulty illustration for Words at Rest theme 'Bible' (bible), DIFFICULTY LEVEL: MEDIUM. Motif: the same closed Bible plus a small olive branch and a clay oil lamp on the same wooden table (~5 objects), scene beginning to feel like a quiet devotion still life. Leave bottom ~20% slightly simpler for optional UI overlay. No readable text. WordsAtRest editorial gouache risograph v1. WordsAtRest difficulty progression v1 — bible-medium.","P0","Bible","text, letters, typography, watermark, logo, brand name, UI mockup, photorealistic stock photo, glossy 3D render, plastic CGI, purple neon gradient, floating blobs, sparkles, glitter, lens flare, oversmoothed skin, beautiful young influencer face, children, kids cartoon, Disney, Marvel, anime, chibi, emoji, clipart, Busy Beaver, stock cafe cliché with latte art heart, cyberpunk, hyper-saturated, busy collage, chaotic composition, extra fingers, deformed anatomy, lowres, blurry, jpeg artifacts, Santa face, cupid, bunny mascot, cartoon turkey mascot, crucifix as logo, glowing cross icon, crucifix as logo, glowing cross icon, church clipart, halo, Jesus face, saints portrait","Bible word search — medium difficulty illustration",""
"bible","medium-640","/public/images/themes/bible-medium-640.webp","640x480","(derive from master with node scripts/derive-images.mjs — do not regenerate separately unless needed)","P0","Bible","","Bible word search — medium difficulty illustration (640w)","derived"
"bible","hard","/public/images/themes/bible-hard.webp","1200x900","Hand-painted gouache and soft risograph illustration on warm cream paper, editorial magazine style, visible brush texture and slight ink misregistration, muted earth tones (paper #F4EFE6, ink #2C241B, moss #3D5A45, ochre #E8C99B, walnut #6B4F3A), flat soft lighting, quiet adult mood, no people faces, no text, no letters, no logos, no watermarks, square-safe composition with breathing room, tactile handmade feel. FIXED CAMERA / SAME SERIES RULES: identical viewpoint, camera distance, table or shelf plane, palette, and soft indoor light as the other two difficulty frames for this theme. Same prop base language — only object count and scene fullness change. Keep calm adult editorial mood; denser detail must still feel quiet, never chaotic. Square-safe 4:3 difficulty illustration for Words at Rest theme 'Bible' (bible), DIFFICULTY LEVEL: HARD. Motif: the same Bible, olive branch and oil lamp now joined by wheat stalks, a second soft ribbon curl and warm wood grain richness — full respectful adult still life, dense but calm, non-denominational, no cross-as-logo. Leave bottom ~20% slightly simpler for optional UI overlay. No readable text. WordsAtRest editorial gouache risograph v1. WordsAtRest difficulty progression v1 — bible-hard.","P0","Bible","text, letters, typography, watermark, logo, brand name, UI mockup, photorealistic stock photo, glossy 3D render, plastic CGI, purple neon gradient, floating blobs, sparkles, glitter, lens flare, oversmoothed skin, beautiful young influencer face, children, kids cartoon, Disney, Marvel, anime, chibi, emoji, clipart, Busy Beaver, stock cafe cliché with latte art heart, cyberpunk, hyper-saturated, busy collage, chaotic composition, extra fingers, deformed anatomy, lowres, blurry, jpeg artifacts, Santa face, cupid, bunny mascot, cartoon turkey mascot, crucifix as logo, glowing cross icon, crucifix as logo, glowing cross icon, church clipart, halo, Jesus face, saints portrait","Bible word search — hard difficulty illustration",""
"bible","hard-640","/public/images/themes/bible-hard-640.webp","640x480","(derive from master with node scripts/derive-images.mjs — do not regenerate separately unless needed)","P0","Bible","","Bible word search — hard difficulty illustration (640w)","derived"
"thanksgiving","easy","/public/images/themes/thanksgiving-easy.webp","1200x900","Hand-painted gouache and soft risograph illustration on warm cream paper, editorial magazine style, visible brush texture and slight ink misregistration, muted earth tones (paper #F4EFE6, ink #2C241B, moss #3D5A45, ochre #E8C99B, walnut #6B4F3A), flat soft lighting, quiet adult mood, no people faces, no text, no letters, no logos, no watermarks, square-safe composition with breathing room, tactile handmade feel. FIXED CAMERA / SAME SERIES RULES: identical viewpoint, camera distance, table or shelf plane, palette, and soft indoor light as the other two difficulty frames for this theme. Same prop base language — only object count and scene fullness change. Keep calm adult editorial mood; denser detail must still feel quiet, never chaotic. Square-safe 4:3 difficulty illustration for Words at Rest theme 'Thanksgiving' (thanksgiving), DIFFICULTY LEVEL: EASY. Motif: a single small pumpkin on a warm wooden harvest table, lots of empty cream negative space (1 object). Leave bottom ~20% slightly simpler for optional UI overlay. No readable text. WordsAtRest editorial gouache risograph v1. WordsAtRest difficulty progression v1 — thanksgiving-easy.","P0","Thanksgiving","text, letters, typography, watermark, logo, brand name, UI mockup, photorealistic stock photo, glossy 3D render, plastic CGI, purple neon gradient, floating blobs, sparkles, glitter, lens flare, oversmoothed skin, beautiful young influencer face, children, kids cartoon, Disney, Marvel, anime, chibi, emoji, clipart, Busy Beaver, stock cafe cliché with latte art heart, cyberpunk, hyper-saturated, busy collage, chaotic composition, extra fingers, deformed anatomy, lowres, blurry, jpeg artifacts, Santa face, cupid, bunny mascot, cartoon turkey mascot, crucifix as logo, glowing cross icon, cartoon turkey mascot","Thanksgiving word search — easy difficulty illustration","Large Print reuses easy"
"thanksgiving","easy-640","/public/images/themes/thanksgiving-easy-640.webp","640x480","(derive from master with node scripts/derive-images.mjs — do not regenerate separately unless needed)","P0","Thanksgiving","","Thanksgiving word search — easy difficulty illustration (640w)","derived"
"thanksgiving","medium","/public/images/themes/thanksgiving-medium.webp","1200x900","Hand-painted gouache and soft risograph illustration on warm cream paper, editorial magazine style, visible brush texture and slight ink misregistration, muted earth tones (paper #F4EFE6, ink #2C241B, moss #3D5A45, ochre #E8C99B, walnut #6B4F3A), flat soft lighting, quiet adult mood, no people faces, no text, no letters, no logos, no watermarks, square-safe composition with breathing room, tactile handmade feel. FIXED CAMERA / SAME SERIES RULES: identical viewpoint, camera distance, table or shelf plane, palette, and soft indoor light as the other two difficulty frames for this theme. Same prop base language — only object count and scene fullness change. Keep calm adult editorial mood; denser detail must still feel quiet, never chaotic. Square-safe 4:3 difficulty illustration for Words at Rest theme 'Thanksgiving' (thanksgiving), DIFFICULTY LEVEL: MEDIUM. Motif: the same pumpkin with ears of corn and a folded linen napkin on the same table (~5 objects). Leave bottom ~20% slightly simpler for optional UI overlay. No readable text. WordsAtRest editorial gouache risograph v1. WordsAtRest difficulty progression v1 — thanksgiving-medium.","P0","Thanksgiving","text, letters, typography, watermark, logo, brand name, UI mockup, photorealistic stock photo, glossy 3D render, plastic CGI, purple neon gradient, floating blobs, sparkles, glitter, lens flare, oversmoothed skin, beautiful young influencer face, children, kids cartoon, Disney, Marvel, anime, chibi, emoji, clipart, Busy Beaver, stock cafe cliché with latte art heart, cyberpunk, hyper-saturated, busy collage, chaotic composition, extra fingers, deformed anatomy, lowres, blurry, jpeg artifacts, Santa face, cupid, bunny mascot, cartoon turkey mascot, crucifix as logo, glowing cross icon, cartoon turkey mascot","Thanksgiving word search — medium difficulty illustration",""
"thanksgiving","medium-640","/public/images/themes/thanksgiving-medium-640.webp","640x480","(derive from master with node scripts/derive-images.mjs — do not regenerate separately unless needed)","P0","Thanksgiving","","Thanksgiving word search — medium difficulty illustration (640w)","derived"
"thanksgiving","hard","/public/images/themes/thanksgiving-hard.webp","1200x900","Hand-painted gouache and soft risograph illustration on warm cream paper, editorial magazine style, visible brush texture and slight ink misregistration, muted earth tones (paper #F4EFE6, ink #2C241B, moss #3D5A45, ochre #E8C99B, walnut #6B4F3A), flat soft lighting, quiet adult mood, no people faces, no text, no letters, no logos, no watermarks, square-safe composition with breathing room, tactile handmade feel. FIXED CAMERA / SAME SERIES RULES: identical viewpoint, camera distance, table or shelf plane, palette, and soft indoor light as the other two difficulty frames for this theme. Same prop base language — only object count and scene fullness change. Keep calm adult editorial mood; denser detail must still feel quiet, never chaotic. Square-safe 4:3 difficulty illustration for Words at Rest theme 'Thanksgiving' (thanksgiving), DIFFICULTY LEVEL: HARD. Motif: the same harvest table now full: pumpkin, corn, acorns, napkin, wooden spoon and ceramic gravy boat — rich but quiet adult Thanksgiving still life, no cartoon turkey. Leave bottom ~20% slightly simpler for optional UI overlay. No readable text. WordsAtRest editorial gouache risograph v1. WordsAtRest difficulty progression v1 — thanksgiving-hard.","P0","Thanksgiving","text, letters, typography, watermark, logo, brand name, UI mockup, photorealistic stock photo, glossy 3D render, plastic CGI, purple neon gradient, floating blobs, sparkles, glitter, lens flare, oversmoothed skin, beautiful young influencer face, children, kids cartoon, Disney, Marvel, anime, chibi, emoji, clipart, Busy Beaver, stock cafe cliché with latte art heart, cyberpunk, hyper-saturated, busy collage, chaotic composition, extra fingers, deformed anatomy, lowres, blurry, jpeg artifacts, Santa face, cupid, bunny mascot, cartoon turkey mascot, crucifix as logo, glowing cross icon, cartoon turkey mascot","Thanksgiving word search — hard difficulty illustration",""
"thanksgiving","hard-640","/public/images/themes/thanksgiving-hard-640.webp","640x480","(derive from master with node scripts/derive-images.mjs — do not regenerate separately unless needed)","P0","Thanksgiving","","Thanksgiving word search — hard difficulty illustration (640w)","derived"
"winter","easy","/public/images/themes/winter-easy.webp","1200x900","Hand-painted gouache and soft risograph illustration on warm cream paper, editorial magazine style, visible brush texture and slight ink misregistration, muted earth tones (paper #F4EFE6, ink #2C241B, moss #3D5A45, ochre #E8C99B, walnut #6B4F3A), flat soft lighting, quiet adult mood, no people faces, no text, no letters, no logos, no watermarks, square-safe composition with breathing room, tactile handmade feel. FIXED CAMERA / SAME SERIES RULES: identical viewpoint, camera distance, table or shelf plane, palette, and soft indoor light as the other two difficulty frames for this theme. Same prop base language — only object count and scene fullness change. Keep calm adult editorial mood; denser detail must still feel quiet, never chaotic. Square-safe 4:3 difficulty illustration for Words at Rest theme 'Winter' (winter), DIFFICULTY LEVEL: EASY. Motif: a single mug of cocoa on a frosted window ledge, generous empty cream space (1–2 objects). Leave bottom ~20% slightly simpler for optional UI overlay. No readable text. WordsAtRest editorial gouache risograph v1. WordsAtRest difficulty progression v1 — winter-easy.","P0","Winter","text, letters, typography, watermark, logo, brand name, UI mockup, photorealistic stock photo, glossy 3D render, plastic CGI, purple neon gradient, floating blobs, sparkles, glitter, lens flare, oversmoothed skin, beautiful young influencer face, children, kids cartoon, Disney, Marvel, anime, chibi, emoji, clipart, Busy Beaver, stock cafe cliché with latte art heart, cyberpunk, hyper-saturated, busy collage, chaotic composition, extra fingers, deformed anatomy, lowres, blurry, jpeg artifacts, Santa face, cupid, bunny mascot, cartoon turkey mascot, crucifix as logo, glowing cross icon, Santa face, snowman face, Christmas trademark characters","Winter word search — easy difficulty illustration","Large Print reuses easy"
"winter","easy-640","/public/images/themes/winter-easy-640.webp","640x480","(derive from master with node scripts/derive-images.mjs — do not regenerate separately unless needed)","P0","Winter","","Winter word search — easy difficulty illustration (640w)","derived"
"winter","medium","/public/images/themes/winter-medium.webp","1200x900","Hand-painted gouache and soft risograph illustration on warm cream paper, editorial magazine style, visible brush texture and slight ink misregistration, muted earth tones (paper #F4EFE6, ink #2C241B, moss #3D5A45, ochre #E8C99B, walnut #6B4F3A), flat soft lighting, quiet adult mood, no people faces, no text, no letters, no logos, no watermarks, square-safe composition with breathing room, tactile handmade feel. FIXED CAMERA / SAME SERIES RULES: identical viewpoint, camera distance, table or shelf plane, palette, and soft indoor light as the other two difficulty frames for this theme. Same prop base language — only object count and scene fullness change. Keep calm adult editorial mood; denser detail must still feel quiet, never chaotic. Square-safe 4:3 difficulty illustration for Words at Rest theme 'Winter' (winter), DIFFICULTY LEVEL: MEDIUM. Motif: the same cocoa mug with a pair of wool mittens on the same ledge (~5 objects). Leave bottom ~20% slightly simpler for optional UI overlay. No readable text. WordsAtRest editorial gouache risograph v1. WordsAtRest difficulty progression v1 — winter-medium.","P0","Winter","text, letters, typography, watermark, logo, brand name, UI mockup, photorealistic stock photo, glossy 3D render, plastic CGI, purple neon gradient, floating blobs, sparkles, glitter, lens flare, oversmoothed skin, beautiful young influencer face, children, kids cartoon, Disney, Marvel, anime, chibi, emoji, clipart, Busy Beaver, stock cafe cliché with latte art heart, cyberpunk, hyper-saturated, busy collage, chaotic composition, extra fingers, deformed anatomy, lowres, blurry, jpeg artifacts, Santa face, cupid, bunny mascot, cartoon turkey mascot, crucifix as logo, glowing cross icon, Santa face, snowman face, Christmas trademark characters","Winter word search — medium difficulty illustration",""
"winter","medium-640","/public/images/themes/winter-medium-640.webp","640x480","(derive from master with node scripts/derive-images.mjs — do not regenerate separately unless needed)","P0","Winter","","Winter word search — medium difficulty illustration (640w)","derived"
"winter","hard","/public/images/themes/winter-hard.webp","1200x900","Hand-painted gouache and soft risograph illustration on warm cream paper, editorial magazine style, visible brush texture and slight ink misregistration, muted earth tones (paper #F4EFE6, ink #2C241B, moss #3D5A45, ochre #E8C99B, walnut #6B4F3A), flat soft lighting, quiet adult mood, no people faces, no text, no letters, no logos, no watermarks, square-safe composition with breathing room, tactile handmade feel. FIXED CAMERA / SAME SERIES RULES: identical viewpoint, camera distance, table or shelf plane, palette, and soft indoor light as the other two difficulty frames for this theme. Same prop base language — only object count and scene fullness change. Keep calm adult editorial mood; denser detail must still feel quiet, never chaotic. Square-safe 4:3 difficulty illustration for Words at Rest theme 'Winter' (winter), DIFFICULTY LEVEL: HARD. Motif: the same ledge now fuller: cocoa, mittens, pine sprig and soft frost on the window — quiet midwinter still life, no Santa, no snowman face. Leave bottom ~20% slightly simpler for optional UI overlay. No readable text. WordsAtRest editorial gouache risograph v1. WordsAtRest difficulty progression v1 — winter-hard.","P0","Winter","text, letters, typography, watermark, logo, brand name, UI mockup, photorealistic stock photo, glossy 3D render, plastic CGI, purple neon gradient, floating blobs, sparkles, glitter, lens flare, oversmoothed skin, beautiful young influencer face, children, kids cartoon, Disney, Marvel, anime, chibi, emoji, clipart, Busy Beaver, stock cafe cliché with latte art heart, cyberpunk, hyper-saturated, busy collage, chaotic composition, extra fingers, deformed anatomy, lowres, blurry, jpeg artifacts, Santa face, cupid, bunny mascot, cartoon turkey mascot, crucifix as logo, glowing cross icon, Santa face, snowman face, Christmas trademark characters","Winter word search — hard difficulty illustration",""
"winter","hard-640","/public/images/themes/winter-hard-640.webp","640x480","(derive from master with node scripts/derive-images.mjs — do not regenerate separately unless needed)","P0","Winter","","Winter word search — hard difficulty illustration (640w)","derived"
"valentines","easy","/public/images/themes/valentines-easy.webp","1200x900","Hand-painted gouache and soft risograph illustration on warm cream paper, editorial magazine style, visible brush texture and slight ink misregistration, muted earth tones (paper #F4EFE6, ink #2C241B, moss #3D5A45, ochre #E8C99B, walnut #6B4F3A), flat soft lighting, quiet adult mood, no people faces, no text, no letters, no logos, no watermarks, square-safe composition with breathing room, tactile handmade feel. FIXED CAMERA / SAME SERIES RULES: identical viewpoint, camera distance, table or shelf plane, palette, and soft indoor light as the other two difficulty frames for this theme. Same prop base language — only object count and scene fullness change. Keep calm adult editorial mood; denser detail must still feel quiet, never chaotic. Square-safe 4:3 difficulty illustration for Words at Rest theme 'Valentine's Day' (valentines), DIFFICULTY LEVEL: EASY. Motif: a single sealed cream envelope with a soft wax seal on paper, lots of negative space (1–2 objects). Leave bottom ~20% slightly simpler for optional UI overlay. No readable text. WordsAtRest editorial gouache risograph v1. WordsAtRest difficulty progression v1 — valentines-easy.","P0","Valentine's Day","text, letters, typography, watermark, logo, brand name, UI mockup, photorealistic stock photo, glossy 3D render, plastic CGI, purple neon gradient, floating blobs, sparkles, glitter, lens flare, oversmoothed skin, beautiful young influencer face, children, kids cartoon, Disney, Marvel, anime, chibi, emoji, clipart, Busy Beaver, stock cafe cliché with latte art heart, cyberpunk, hyper-saturated, busy collage, chaotic composition, extra fingers, deformed anatomy, lowres, blurry, jpeg artifacts, Santa face, cupid, bunny mascot, cartoon turkey mascot, crucifix as logo, glowing cross icon, cupid, chocolate-box hearts explosion, neon valentine stickers","Valentine's Day word search — easy difficulty illustration","Large Print reuses easy"
"valentines","easy-640","/public/images/themes/valentines-easy-640.webp","640x480","(derive from master with node scripts/derive-images.mjs — do not regenerate separately unless needed)","P0","Valentine's Day","","Valentine's Day word search — easy difficulty illustration (640w)","derived"
"valentines","medium","/public/images/themes/valentines-medium.webp","1200x900","Hand-painted gouache and soft risograph illustration on warm cream paper, editorial magazine style, visible brush texture and slight ink misregistration, muted earth tones (paper #F4EFE6, ink #2C241B, moss #3D5A45, ochre #E8C99B, walnut #6B4F3A), flat soft lighting, quiet adult mood, no people faces, no text, no letters, no logos, no watermarks, square-safe composition with breathing room, tactile handmade feel. FIXED CAMERA / SAME SERIES RULES: identical viewpoint, camera distance, table or shelf plane, palette, and soft indoor light as the other two difficulty frames for this theme. Same prop base language — only object count and scene fullness change. Keep calm adult editorial mood; denser detail must still feel quiet, never chaotic. Square-safe 4:3 difficulty illustration for Words at Rest theme 'Valentine's Day' (valentines), DIFFICULTY LEVEL: MEDIUM. Motif: the same sealed envelope with one dried rose beside it (~4–5 objects). Leave bottom ~20% slightly simpler for optional UI overlay. No readable text. WordsAtRest editorial gouache risograph v1. WordsAtRest difficulty progression v1 — valentines-medium.","P0","Valentine's Day","text, letters, typography, watermark, logo, brand name, UI mockup, photorealistic stock photo, glossy 3D render, plastic CGI, purple neon gradient, floating blobs, sparkles, glitter, lens flare, oversmoothed skin, beautiful young influencer face, children, kids cartoon, Disney, Marvel, anime, chibi, emoji, clipart, Busy Beaver, stock cafe cliché with latte art heart, cyberpunk, hyper-saturated, busy collage, chaotic composition, extra fingers, deformed anatomy, lowres, blurry, jpeg artifacts, Santa face, cupid, bunny mascot, cartoon turkey mascot, crucifix as logo, glowing cross icon, cupid, chocolate-box hearts explosion, neon valentine stickers","Valentine's Day word search — medium difficulty illustration",""
"valentines","medium-640","/public/images/themes/valentines-medium-640.webp","640x480","(derive from master with node scripts/derive-images.mjs — do not regenerate separately unless needed)","P0","Valentine's Day","","Valentine's Day word search — medium difficulty illustration (640w)","derived"
"valentines","hard","/public/images/themes/valentines-hard.webp","1200x900","Hand-painted gouache and soft risograph illustration on warm cream paper, editorial magazine style, visible brush texture and slight ink misregistration, muted earth tones (paper #F4EFE6, ink #2C241B, moss #3D5A45, ochre #E8C99B, walnut #6B4F3A), flat soft lighting, quiet adult mood, no people faces, no text, no letters, no logos, no watermarks, square-safe composition with breathing room, tactile handmade feel. FIXED CAMERA / SAME SERIES RULES: identical viewpoint, camera distance, table or shelf plane, palette, and soft indoor light as the other two difficulty frames for this theme. Same prop base language — only object count and scene fullness change. Keep calm adult editorial mood; denser detail must still feel quiet, never chaotic. Square-safe 4:3 difficulty illustration for Words at Rest theme 'Valentine's Day' (valentines), DIFFICULTY LEVEL: HARD. Motif: the same still life now complete: sealed letter, dried rose, narrow ribbon and fountain pen on cream paper — calm adult romance, no cupid, no heart explosion. Leave bottom ~20% slightly simpler for optional UI overlay. No readable text. WordsAtRest editorial gouache risograph v1. WordsAtRest difficulty progression v1 — valentines-hard.","P0","Valentine's Day","text, letters, typography, watermark, logo, brand name, UI mockup, photorealistic stock photo, glossy 3D render, plastic CGI, purple neon gradient, floating blobs, sparkles, glitter, lens flare, oversmoothed skin, beautiful young influencer face, children, kids cartoon, Disney, Marvel, anime, chibi, emoji, clipart, Busy Beaver, stock cafe cliché with latte art heart, cyberpunk, hyper-saturated, busy collage, chaotic composition, extra fingers, deformed anatomy, lowres, blurry, jpeg artifacts, Santa face, cupid, bunny mascot, cartoon turkey mascot, crucifix as logo, glowing cross icon, cupid, chocolate-box hearts explosion, neon valentine stickers","Valentine's Day word search — hard difficulty illustration",""
"valentines","hard-640","/public/images/themes/valentines-hard-640.webp","640x480","(derive from master with node scripts/derive-images.mjs — do not regenerate separately unless needed)","P0","Valentine's Day","","Valentine's Day word search — hard difficulty illustration (640w)","derived"
"easter","easy","/public/images/themes/easter-easy.webp","1200x900","Hand-painted gouache and soft risograph illustration on warm cream paper, editorial magazine style, visible brush texture and slight ink misregistration, muted earth tones (paper #F4EFE6, ink #2C241B, moss #3D5A45, ochre #E8C99B, walnut #6B4F3A), flat soft lighting, quiet adult mood, no people faces, no text, no letters, no logos, no watermarks, square-safe composition with breathing room, tactile handmade feel. FIXED CAMERA / SAME SERIES RULES: identical viewpoint, camera distance, table or shelf plane, palette, and soft indoor light as the other two difficulty frames for this theme. Same prop base language — only object count and scene fullness change. Keep calm adult editorial mood; denser detail must still feel quiet, never chaotic. Square-safe 4:3 difficulty illustration for Words at Rest theme 'Easter' (easter), DIFFICULTY LEVEL: EASY. Motif: a single pale undecorated egg on a wooden table, generous empty cream space (1 object). Leave bottom ~20% slightly simpler for optional UI overlay. No readable text. WordsAtRest editorial gouache risograph v1. WordsAtRest difficulty progression v1 — easter-easy.","P0","Easter","text, letters, typography, watermark, logo, brand name, UI mockup, photorealistic stock photo, glossy 3D render, plastic CGI, purple neon gradient, floating blobs, sparkles, glitter, lens flare, oversmoothed skin, beautiful young influencer face, children, kids cartoon, Disney, Marvel, anime, chibi, emoji, clipart, Busy Beaver, stock cafe cliché with latte art heart, cyberpunk, hyper-saturated, busy collage, chaotic composition, extra fingers, deformed anatomy, lowres, blurry, jpeg artifacts, Santa face, cupid, bunny mascot, cartoon turkey mascot, crucifix as logo, glowing cross icon, bunny mascot face, cartoon chicks with hats, crucifix as logo","Easter word search — easy difficulty illustration","Large Print reuses easy"
"easter","easy-640","/public/images/themes/easter-easy-640.webp","640x480","(derive from master with node scripts/derive-images.mjs — do not regenerate separately unless needed)","P0","Easter","","Easter word search — easy difficulty illustration (640w)","derived"
"easter","medium","/public/images/themes/easter-medium.webp","1200x900","Hand-painted gouache and soft risograph illustration on warm cream paper, editorial magazine style, visible brush texture and slight ink misregistration, muted earth tones (paper #F4EFE6, ink #2C241B, moss #3D5A45, ochre #E8C99B, walnut #6B4F3A), flat soft lighting, quiet adult mood, no people faces, no text, no letters, no logos, no watermarks, square-safe composition with breathing room, tactile handmade feel. FIXED CAMERA / SAME SERIES RULES: identical viewpoint, camera distance, table or shelf plane, palette, and soft indoor light as the other two difficulty frames for this theme. Same prop base language — only object count and scene fullness change. Keep calm adult editorial mood; denser detail must still feel quiet, never chaotic. Square-safe 4:3 difficulty illustration for Words at Rest theme 'Easter' (easter), DIFFICULTY LEVEL: MEDIUM. Motif: a woven basket with a few pale eggs on the same table (~5 objects). Leave bottom ~20% slightly simpler for optional UI overlay. No readable text. WordsAtRest editorial gouache risograph v1. WordsAtRest difficulty progression v1 — easter-medium.","P0","Easter","text, letters, typography, watermark, logo, brand name, UI mockup, photorealistic stock photo, glossy 3D render, plastic CGI, purple neon gradient, floating blobs, sparkles, glitter, lens flare, oversmoothed skin, beautiful young influencer face, children, kids cartoon, Disney, Marvel, anime, chibi, emoji, clipart, Busy Beaver, stock cafe cliché with latte art heart, cyberpunk, hyper-saturated, busy collage, chaotic composition, extra fingers, deformed anatomy, lowres, blurry, jpeg artifacts, Santa face, cupid, bunny mascot, cartoon turkey mascot, crucifix as logo, glowing cross icon, bunny mascot face, cartoon chicks with hats, crucifix as logo","Easter word search — medium difficulty illustration",""
"easter","medium-640","/public/images/themes/easter-medium-640.webp","640x480","(derive from master with node scripts/derive-images.mjs — do not regenerate separately unless needed)","P0","Easter","","Easter word search — medium difficulty illustration (640w)","derived"
"easter","hard","/public/images/themes/easter-hard.webp","1200x900","Hand-painted gouache and soft risograph illustration on warm cream paper, editorial magazine style, visible brush texture and slight ink misregistration, muted earth tones (paper #F4EFE6, ink #2C241B, moss #3D5A45, ochre #E8C99B, walnut #6B4F3A), flat soft lighting, quiet adult mood, no people faces, no text, no letters, no logos, no watermarks, square-safe composition with breathing room, tactile handmade feel. FIXED CAMERA / SAME SERIES RULES: identical viewpoint, camera distance, table or shelf plane, palette, and soft indoor light as the other two difficulty frames for this theme. Same prop base language — only object count and scene fullness change. Keep calm adult editorial mood; denser detail must still feel quiet, never chaotic. Square-safe 4:3 difficulty illustration for Words at Rest theme 'Easter' (easter), DIFFICULTY LEVEL: HARD. Motif: the same table now rich: woven basket, pale eggs, daffodils and willow twigs — quiet spring still life, non-denominational, no bunny mascot. Leave bottom ~20% slightly simpler for optional UI overlay. No readable text. WordsAtRest editorial gouache risograph v1. WordsAtRest difficulty progression v1 — easter-hard.","P0","Easter","text, letters, typography, watermark, logo, brand name, UI mockup, photorealistic stock photo, glossy 3D render, plastic CGI, purple neon gradient, floating blobs, sparkles, glitter, lens flare, oversmoothed skin, beautiful young influencer face, children, kids cartoon, Disney, Marvel, anime, chibi, emoji, clipart, Busy Beaver, stock cafe cliché with latte art heart, cyberpunk, hyper-saturated, busy collage, chaotic composition, extra fingers, deformed anatomy, lowres, blurry, jpeg artifacts, Santa face, cupid, bunny mascot, cartoon turkey mascot, crucifix as logo, glowing cross icon, bunny mascot face, cartoon chicks with hats, crucifix as logo","Easter word search — hard difficulty illustration",""
"easter","hard-640","/public/images/themes/easter-hard-640.webp","640x480","(derive from master with node scripts/derive-images.mjs — do not regenerate separately unless needed)","P0","Easter","","Easter word search — hard difficulty illustration (640w)","derived"
"halloween","easy","/public/images/themes/halloween-easy.webp","1200x900","Hand-painted gouache and soft risograph illustration on warm cream paper, editorial magazine style, visible brush texture and slight ink misregistration, muted earth tones (paper #F4EFE6, ink #2C241B, moss #3D5A45, ochre #E8C99B, walnut #6B4F3A), flat soft lighting, quiet adult mood, no people faces, no text, no letters, no logos, no watermarks, square-safe composition with breathing room, tactile handmade feel. FIXED CAMERA / SAME SERIES RULES: identical viewpoint, camera distance, table or shelf plane, palette, and soft indoor light as the other two difficulty frames for this theme. Same prop base language — only object count and scene fullness change. Keep calm adult editorial mood; denser detail must still feel quiet, never chaotic. Square-safe 4:3 difficulty illustration for Words at Rest theme 'Halloween' (halloween), DIFFICULTY LEVEL: EASY. Motif: a single small pumpkin on a wooden table, generous empty cream space (1 object). Leave bottom ~20% slightly simpler for optional UI overlay. No readable text. WordsAtRest editorial gouache risograph v1. WordsAtRest difficulty progression v1 — halloween-easy.","P1","Halloween","text, letters, typography, watermark, logo, brand name, UI mockup, photorealistic stock photo, glossy 3D render, plastic CGI, purple neon gradient, floating blobs, sparkles, glitter, lens flare, oversmoothed skin, beautiful young influencer face, children, kids cartoon, Disney, Marvel, anime, chibi, emoji, clipart, Busy Beaver, stock cafe cliché with latte art heart, cyberpunk, hyper-saturated, busy collage, chaotic composition, extra fingers, deformed anatomy, lowres, blurry, jpeg artifacts, Santa face, cupid, bunny mascot, cartoon turkey mascot, crucifix as logo, glowing cross icon, scary gore, kids costume party chaos","Halloween word search — easy difficulty illustration","Large Print reuses easy"
"halloween","easy-640","/public/images/themes/halloween-easy-640.webp","640x480","(derive from master with node scripts/derive-images.mjs — do not regenerate separately unless needed)","P1","Halloween","","Halloween word search — easy difficulty illustration (640w)","derived"
"halloween","medium","/public/images/themes/halloween-medium.webp","1200x900","Hand-painted gouache and soft risograph illustration on warm cream paper, editorial magazine style, visible brush texture and slight ink misregistration, muted earth tones (paper #F4EFE6, ink #2C241B, moss #3D5A45, ochre #E8C99B, walnut #6B4F3A), flat soft lighting, quiet adult mood, no people faces, no text, no letters, no logos, no watermarks, square-safe composition with breathing room, tactile handmade feel. FIXED CAMERA / SAME SERIES RULES: identical viewpoint, camera distance, table or shelf plane, palette, and soft indoor light as the other two difficulty frames for this theme. Same prop base language — only object count and scene fullness change. Keep calm adult editorial mood; denser detail must still feel quiet, never chaotic. Square-safe 4:3 difficulty illustration for Words at Rest theme 'Halloween' (halloween), DIFFICULTY LEVEL: MEDIUM. Motif: the same pumpkin with a candle stub and a few dried leaves (~5 objects). Leave bottom ~20% slightly simpler for optional UI overlay. No readable text. WordsAtRest editorial gouache risograph v1. WordsAtRest difficulty progression v1 — halloween-medium.","P1","Halloween","text, letters, typography, watermark, logo, brand name, UI mockup, photorealistic stock photo, glossy 3D render, plastic CGI, purple neon gradient, floating blobs, sparkles, glitter, lens flare, oversmoothed skin, beautiful young influencer face, children, kids cartoon, Disney, Marvel, anime, chibi, emoji, clipart, Busy Beaver, stock cafe cliché with latte art heart, cyberpunk, hyper-saturated, busy collage, chaotic composition, extra fingers, deformed anatomy, lowres, blurry, jpeg artifacts, Santa face, cupid, bunny mascot, cartoon turkey mascot, crucifix as logo, glowing cross icon, scary gore, kids costume party chaos","Halloween word search — medium difficulty illustration",""
"halloween","medium-640","/public/images/themes/halloween-medium-640.webp","640x480","(derive from master with node scripts/derive-images.mjs — do not regenerate separately unless needed)","P1","Halloween","","Halloween word search — medium difficulty illustration (640w)","derived"
"halloween","hard","/public/images/themes/halloween-hard.webp","1200x900","Hand-painted gouache and soft risograph illustration on warm cream paper, editorial magazine style, visible brush texture and slight ink misregistration, muted earth tones (paper #F4EFE6, ink #2C241B, moss #3D5A45, ochre #E8C99B, walnut #6B4F3A), flat soft lighting, quiet adult mood, no people faces, no text, no letters, no logos, no watermarks, square-safe composition with breathing room, tactile handmade feel. FIXED CAMERA / SAME SERIES RULES: identical viewpoint, camera distance, table or shelf plane, palette, and soft indoor light as the other two difficulty frames for this theme. Same prop base language — only object count and scene fullness change. Keep calm adult editorial mood; denser detail must still feel quiet, never chaotic. Square-safe 4:3 difficulty illustration for Words at Rest theme 'Halloween' (halloween), DIFFICULTY LEVEL: HARD. Motif: the same table now fuller: pumpkin, candle, paper bat cutout and dried leaves — cozy adult Halloween, not spooky-kids. Leave bottom ~20% slightly simpler for optional UI overlay. No readable text. WordsAtRest editorial gouache risograph v1. WordsAtRest difficulty progression v1 — halloween-hard.","P1","Halloween","text, letters, typography, watermark, logo, brand name, UI mockup, photorealistic stock photo, glossy 3D render, plastic CGI, purple neon gradient, floating blobs, sparkles, glitter, lens flare, oversmoothed skin, beautiful young influencer face, children, kids cartoon, Disney, Marvel, anime, chibi, emoji, clipart, Busy Beaver, stock cafe cliché with latte art heart, cyberpunk, hyper-saturated, busy collage, chaotic composition, extra fingers, deformed anatomy, lowres, blurry, jpeg artifacts, Santa face, cupid, bunny mascot, cartoon turkey mascot, crucifix as logo, glowing cross icon, scary gore, kids costume party chaos","Halloween word search — hard difficulty illustration",""
"halloween","hard-640","/public/images/themes/halloween-hard-640.webp","640x480","(derive from master with node scripts/derive-images.mjs — do not regenerate separately unless needed)","P1","Halloween","","Halloween word search — hard difficulty illustration (640w)","derived"
"fall","easy","/public/images/themes/fall-easy.webp","1200x900","Hand-painted gouache and soft risograph illustration on warm cream paper, editorial magazine style, visible brush texture and slight ink misregistration, muted earth tones (paper #F4EFE6, ink #2C241B, moss #3D5A45, ochre #E8C99B, walnut #6B4F3A), flat soft lighting, quiet adult mood, no people faces, no text, no letters, no logos, no watermarks, square-safe composition with breathing room, tactile handmade feel. FIXED CAMERA / SAME SERIES RULES: identical viewpoint, camera distance, table or shelf plane, palette, and soft indoor light as the other two difficulty frames for this theme. Same prop base language — only object count and scene fullness change. Keep calm adult editorial mood; denser detail must still feel quiet, never chaotic. Square-safe 4:3 difficulty illustration for Words at Rest theme 'Fall' (fall), DIFFICULTY LEVEL: EASY. Motif: a single maple leaf on a wooden table, lots of negative space (1 object). Leave bottom ~20% slightly simpler for optional UI overlay. No readable text. WordsAtRest editorial gouache risograph v1. WordsAtRest difficulty progression v1 — fall-easy.","P1","Fall","text, letters, typography, watermark, logo, brand name, UI mockup, photorealistic stock photo, glossy 3D render, plastic CGI, purple neon gradient, floating blobs, sparkles, glitter, lens flare, oversmoothed skin, beautiful young influencer face, children, kids cartoon, Disney, Marvel, anime, chibi, emoji, clipart, Busy Beaver, stock cafe cliché with latte art heart, cyberpunk, hyper-saturated, busy collage, chaotic composition, extra fingers, deformed anatomy, lowres, blurry, jpeg artifacts, Santa face, cupid, bunny mascot, cartoon turkey mascot, crucifix as logo, glowing cross icon, Halloween props, jack-o-lantern","Fall word search — easy difficulty illustration","Large Print reuses easy"
"fall","easy-640","/public/images/themes/fall-easy-640.webp","640x480","(derive from master with node scripts/derive-images.mjs — do not regenerate separately unless needed)","P1","Fall","","Fall word search — easy difficulty illustration (640w)","derived"
"fall","medium","/public/images/themes/fall-medium.webp","1200x900","Hand-painted gouache and soft risograph illustration on warm cream paper, editorial magazine style, visible brush texture and slight ink misregistration, muted earth tones (paper #F4EFE6, ink #2C241B, moss #3D5A45, ochre #E8C99B, walnut #6B4F3A), flat soft lighting, quiet adult mood, no people faces, no text, no letters, no logos, no watermarks, square-safe composition with breathing room, tactile handmade feel. FIXED CAMERA / SAME SERIES RULES: identical viewpoint, camera distance, table or shelf plane, palette, and soft indoor light as the other two difficulty frames for this theme. Same prop base language — only object count and scene fullness change. Keep calm adult editorial mood; denser detail must still feel quiet, never chaotic. Square-safe 4:3 difficulty illustration for Words at Rest theme 'Fall' (fall), DIFFICULTY LEVEL: MEDIUM. Motif: the same maple leaf with an acorn and a soft amber light pool (~4–5 objects). Leave bottom ~20% slightly simpler for optional UI overlay. No readable text. WordsAtRest editorial gouache risograph v1. WordsAtRest difficulty progression v1 — fall-medium.","P1","Fall","text, letters, typography, watermark, logo, brand name, UI mockup, photorealistic stock photo, glossy 3D render, plastic CGI, purple neon gradient, floating blobs, sparkles, glitter, lens flare, oversmoothed skin, beautiful young influencer face, children, kids cartoon, Disney, Marvel, anime, chibi, emoji, clipart, Busy Beaver, stock cafe cliché with latte art heart, cyberpunk, hyper-saturated, busy collage, chaotic composition, extra fingers, deformed anatomy, lowres, blurry, jpeg artifacts, Santa face, cupid, bunny mascot, cartoon turkey mascot, crucifix as logo, glowing cross icon, Halloween props, jack-o-lantern","Fall word search — medium difficulty illustration",""
"fall","medium-640","/public/images/themes/fall-medium-640.webp","640x480","(derive from master with node scripts/derive-images.mjs — do not regenerate separately unless needed)","P1","Fall","","Fall word search — medium difficulty illustration (640w)","derived"
"fall","hard","/public/images/themes/fall-hard.webp","1200x900","Hand-painted gouache and soft risograph illustration on warm cream paper, editorial magazine style, visible brush texture and slight ink misregistration, muted earth tones (paper #F4EFE6, ink #2C241B, moss #3D5A45, ochre #E8C99B, walnut #6B4F3A), flat soft lighting, quiet adult mood, no people faces, no text, no letters, no logos, no watermarks, square-safe composition with breathing room, tactile handmade feel. FIXED CAMERA / SAME SERIES RULES: identical viewpoint, camera distance, table or shelf plane, palette, and soft indoor light as the other two difficulty frames for this theme. Same prop base language — only object count and scene fullness change. Keep calm adult editorial mood; denser detail must still feel quiet, never chaotic. Square-safe 4:3 difficulty illustration for Words at Rest theme 'Fall' (fall), DIFFICULTY LEVEL: HARD. Motif: the same autumn still life now full: maple leaf, acorn, wool scarf fold and amber light — no Halloween props. Leave bottom ~20% slightly simpler for optional UI overlay. No readable text. WordsAtRest editorial gouache risograph v1. WordsAtRest difficulty progression v1 — fall-hard.","P1","Fall","text, letters, typography, watermark, logo, brand name, UI mockup, photorealistic stock photo, glossy 3D render, plastic CGI, purple neon gradient, floating blobs, sparkles, glitter, lens flare, oversmoothed skin, beautiful young influencer face, children, kids cartoon, Disney, Marvel, anime, chibi, emoji, clipart, Busy Beaver, stock cafe cliché with latte art heart, cyberpunk, hyper-saturated, busy collage, chaotic composition, extra fingers, deformed anatomy, lowres, blurry, jpeg artifacts, Santa face, cupid, bunny mascot, cartoon turkey mascot, crucifix as logo, glowing cross icon, Halloween props, jack-o-lantern","Fall word search — hard difficulty illustration",""
"fall","hard-640","/public/images/themes/fall-hard-640.webp","640x480","(derive from master with node scripts/derive-images.mjs — do not regenerate separately unless needed)","P1","Fall","","Fall word search — hard difficulty illustration (640w)","derived"
"christmas","easy","/public/images/themes/christmas-easy.webp","1200x900","Hand-painted gouache and soft risograph illustration on warm cream paper, editorial magazine style, visible brush texture and slight ink misregistration, muted earth tones (paper #F4EFE6, ink #2C241B, moss #3D5A45, ochre #E8C99B, walnut #6B4F3A), flat soft lighting, quiet adult mood, no people faces, no text, no letters, no logos, no watermarks, square-safe composition with breathing room, tactile handmade feel. FIXED CAMERA / SAME SERIES RULES: identical viewpoint, camera distance, table or shelf plane, palette, and soft indoor light as the other two difficulty frames for this theme. Same prop base language — only object count and scene fullness change. Keep calm adult editorial mood; denser detail must still feel quiet, never chaotic. Square-safe 4:3 difficulty illustration for Words at Rest theme 'Christmas' (christmas), DIFFICULTY LEVEL: EASY. Motif: a single pine sprig on a wooden table, generous empty cream space (1 object). Leave bottom ~20% slightly simpler for optional UI overlay. No readable text. WordsAtRest editorial gouache risograph v1. WordsAtRest difficulty progression v1 — christmas-easy.","P1","Christmas","text, letters, typography, watermark, logo, brand name, UI mockup, photorealistic stock photo, glossy 3D render, plastic CGI, purple neon gradient, floating blobs, sparkles, glitter, lens flare, oversmoothed skin, beautiful young influencer face, children, kids cartoon, Disney, Marvel, anime, chibi, emoji, clipart, Busy Beaver, stock cafe cliché with latte art heart, cyberpunk, hyper-saturated, busy collage, chaotic composition, extra fingers, deformed anatomy, lowres, blurry, jpeg artifacts, Santa face, cupid, bunny mascot, cartoon turkey mascot, crucifix as logo, glowing cross icon, Santa face, elves, reindeer mascot","Christmas word search — easy difficulty illustration","Large Print reuses easy"
"christmas","easy-640","/public/images/themes/christmas-easy-640.webp","640x480","(derive from master with node scripts/derive-images.mjs — do not regenerate separately unless needed)","P1","Christmas","","Christmas word search — easy difficulty illustration (640w)","derived"
"christmas","medium","/public/images/themes/christmas-medium.webp","1200x900","Hand-painted gouache and soft risograph illustration on warm cream paper, editorial magazine style, visible brush texture and slight ink misregistration, muted earth tones (paper #F4EFE6, ink #2C241B, moss #3D5A45, ochre #E8C99B, walnut #6B4F3A), flat soft lighting, quiet adult mood, no people faces, no text, no letters, no logos, no watermarks, square-safe composition with breathing room, tactile handmade feel. FIXED CAMERA / SAME SERIES RULES: identical viewpoint, camera distance, table or shelf plane, palette, and soft indoor light as the other two difficulty frames for this theme. Same prop base language — only object count and scene fullness change. Keep calm adult editorial mood; denser detail must still feel quiet, never chaotic. Square-safe 4:3 difficulty illustration for Words at Rest theme 'Christmas' (christmas), DIFFICULTY LEVEL: MEDIUM. Motif: the same pine sprig with a cinnamon stick (~4 objects). Leave bottom ~20% slightly simpler for optional UI overlay. No readable text. WordsAtRest editorial gouache risograph v1. WordsAtRest difficulty progression v1 — christmas-medium.","P1","Christmas","text, letters, typography, watermark, logo, brand name, UI mockup, photorealistic stock photo, glossy 3D render, plastic CGI, purple neon gradient, floating blobs, sparkles, glitter, lens flare, oversmoothed skin, beautiful young influencer face, children, kids cartoon, Disney, Marvel, anime, chibi, emoji, clipart, Busy Beaver, stock cafe cliché with latte art heart, cyberpunk, hyper-saturated, busy collage, chaotic composition, extra fingers, deformed anatomy, lowres, blurry, jpeg artifacts, Santa face, cupid, bunny mascot, cartoon turkey mascot, crucifix as logo, glowing cross icon, Santa face, elves, reindeer mascot","Christmas word search — medium difficulty illustration",""
"christmas","medium-640","/public/images/themes/christmas-medium-640.webp","640x480","(derive from master with node scripts/derive-images.mjs — do not regenerate separately unless needed)","P1","Christmas","","Christmas word search — medium difficulty illustration (640w)","derived"
"christmas","hard","/public/images/themes/christmas-hard.webp","1200x900","Hand-painted gouache and soft risograph illustration on warm cream paper, editorial magazine style, visible brush texture and slight ink misregistration, muted earth tones (paper #F4EFE6, ink #2C241B, moss #3D5A45, ochre #E8C99B, walnut #6B4F3A), flat soft lighting, quiet adult mood, no people faces, no text, no letters, no logos, no watermarks, square-safe composition with breathing room, tactile handmade feel. FIXED CAMERA / SAME SERIES RULES: identical viewpoint, camera distance, table or shelf plane, palette, and soft indoor light as the other two difficulty frames for this theme. Same prop base language — only object count and scene fullness change. Keep calm adult editorial mood; denser detail must still feel quiet, never chaotic. Square-safe 4:3 difficulty illustration for Words at Rest theme 'Christmas' (christmas), DIFFICULTY LEVEL: HARD. Motif: the same calm December still life now full: pine sprig, cinnamon stick, soft ribbon and candle — adult cozy, not Santa/elves. Leave bottom ~20% slightly simpler for optional UI overlay. No readable text. WordsAtRest editorial gouache risograph v1. WordsAtRest difficulty progression v1 — christmas-hard.","P1","Christmas","text, letters, typography, watermark, logo, brand name, UI mockup, photorealistic stock photo, glossy 3D render, plastic CGI, purple neon gradient, floating blobs, sparkles, glitter, lens flare, oversmoothed skin, beautiful young influencer face, children, kids cartoon, Disney, Marvel, anime, chibi, emoji, clipart, Busy Beaver, stock cafe cliché with latte art heart, cyberpunk, hyper-saturated, busy collage, chaotic composition, extra fingers, deformed anatomy, lowres, blurry, jpeg artifacts, Santa face, cupid, bunny mascot, cartoon turkey mascot, crucifix as logo, glowing cross icon, Santa face, elves, reindeer mascot","Christmas word search — hard difficulty illustration",""
"christmas","hard-640","/public/images/themes/christmas-hard-640.webp","640x480","(derive from master with node scripts/derive-images.mjs — do not regenerate separately unless needed)","P1","Christmas","","Christmas word search — hard difficulty illustration (640w)","derived"
"animals","easy","/public/images/themes/animals-easy.webp","1200x900","Hand-painted gouache and soft risograph illustration on warm cream paper, editorial magazine style, visible brush texture and slight ink misregistration, muted earth tones (paper #F4EFE6, ink #2C241B, moss #3D5A45, ochre #E8C99B, walnut #6B4F3A), flat soft lighting, quiet adult mood, no people faces, no text, no letters, no logos, no watermarks, square-safe composition with breathing room, tactile handmade feel. FIXED CAMERA / SAME SERIES RULES: identical viewpoint, camera distance, table or shelf plane, palette, and soft indoor light as the other two difficulty frames for this theme. Same prop base language — only object count and scene fullness change. Keep calm adult editorial mood; denser detail must still feel quiet, never chaotic. Square-safe 4:3 difficulty illustration for Words at Rest theme 'Animals' (animals), DIFFICULTY LEVEL: EASY. Motif: a single stylized fox silhouette on cream paper with soft ground, generous negative space (1 motif). Leave bottom ~20% slightly simpler for optional UI overlay. No readable text. WordsAtRest editorial gouache risograph v1. WordsAtRest difficulty progression v1 — animals-easy.","P1","Animals","text, letters, typography, watermark, logo, brand name, UI mockup, photorealistic stock photo, glossy 3D render, plastic CGI, purple neon gradient, floating blobs, sparkles, glitter, lens flare, oversmoothed skin, beautiful young influencer face, children, kids cartoon, Disney, Marvel, anime, chibi, emoji, clipart, Busy Beaver, stock cafe cliché with latte art heart, cyberpunk, hyper-saturated, busy collage, chaotic composition, extra fingers, deformed anatomy, lowres, blurry, jpeg artifacts, Santa face, cupid, bunny mascot, cartoon turkey mascot, crucifix as logo, glowing cross icon, zoo realism, Disney animals, anthropomorphic mascots","Animals word search — easy difficulty illustration","Large Print reuses easy"
"animals","easy-640","/public/images/themes/animals-easy-640.webp","640x480","(derive from master with node scripts/derive-images.mjs — do not regenerate separately unless needed)","P1","Animals","","Animals word search — easy difficulty illustration (640w)","derived"
"animals","medium","/public/images/themes/animals-medium.webp","1200x900","Hand-painted gouache and soft risograph illustration on warm cream paper, editorial magazine style, visible brush texture and slight ink misregistration, muted earth tones (paper #F4EFE6, ink #2C241B, moss #3D5A45, ochre #E8C99B, walnut #6B4F3A), flat soft lighting, quiet adult mood, no people faces, no text, no letters, no logos, no watermarks, square-safe composition with breathing room, tactile handmade feel. FIXED CAMERA / SAME SERIES RULES: identical viewpoint, camera distance, table or shelf plane, palette, and soft indoor light as the other two difficulty frames for this theme. Same prop base language — only object count and scene fullness change. Keep calm adult editorial mood; denser detail must still feel quiet, never chaotic. Square-safe 4:3 difficulty illustration for Words at Rest theme 'Animals' (animals), DIFFICULTY LEVEL: MEDIUM. Motif: the same fox silhouette with a small bird nearby (~4–5 motifs). Leave bottom ~20% slightly simpler for optional UI overlay. No readable text. WordsAtRest editorial gouache risograph v1. WordsAtRest difficulty progression v1 — animals-medium.","P1","Animals","text, letters, typography, watermark, logo, brand name, UI mockup, photorealistic stock photo, glossy 3D render, plastic CGI, purple neon gradient, floating blobs, sparkles, glitter, lens flare, oversmoothed skin, beautiful young influencer face, children, kids cartoon, Disney, Marvel, anime, chibi, emoji, clipart, Busy Beaver, stock cafe cliché with latte art heart, cyberpunk, hyper-saturated, busy collage, chaotic composition, extra fingers, deformed anatomy, lowres, blurry, jpeg artifacts, Santa face, cupid, bunny mascot, cartoon turkey mascot, crucifix as logo, glowing cross icon, zoo realism, Disney animals, anthropomorphic mascots","Animals word search — medium difficulty illustration",""
"animals","medium-640","/public/images/themes/animals-medium-640.webp","640x480","(derive from master with node scripts/derive-images.mjs — do not regenerate separately unless needed)","P1","Animals","","Animals word search — medium difficulty illustration (640w)","derived"
"animals","hard","/public/images/themes/animals-hard.webp","1200x900","Hand-painted gouache and soft risograph illustration on warm cream paper, editorial magazine style, visible brush texture and slight ink misregistration, muted earth tones (paper #F4EFE6, ink #2C241B, moss #3D5A45, ochre #E8C99B, walnut #6B4F3A), flat soft lighting, quiet adult mood, no people faces, no text, no letters, no logos, no watermarks, square-safe composition with breathing room, tactile handmade feel. FIXED CAMERA / SAME SERIES RULES: identical viewpoint, camera distance, table or shelf plane, palette, and soft indoor light as the other two difficulty frames for this theme. Same prop base language — only object count and scene fullness change. Keep calm adult editorial mood; denser detail must still feel quiet, never chaotic. Square-safe 4:3 difficulty illustration for Words at Rest theme 'Animals' (animals), DIFFICULTY LEVEL: HARD. Motif: the same gentle wildlife scene now richer: fox silhouette, bird and paw-print stamps — stylized, no zoo realism, calm adult mood. Leave bottom ~20% slightly simpler for optional UI overlay. No readable text. WordsAtRest editorial gouache risograph v1. WordsAtRest difficulty progression v1 — animals-hard.","P1","Animals","text, letters, typography, watermark, logo, brand name, UI mockup, photorealistic stock photo, glossy 3D render, plastic CGI, purple neon gradient, floating blobs, sparkles, glitter, lens flare, oversmoothed skin, beautiful young influencer face, children, kids cartoon, Disney, Marvel, anime, chibi, emoji, clipart, Busy Beaver, stock cafe cliché with latte art heart, cyberpunk, hyper-saturated, busy collage, chaotic composition, extra fingers, deformed anatomy, lowres, blurry, jpeg artifacts, Santa face, cupid, bunny mascot, cartoon turkey mascot, crucifix as logo, glowing cross icon, zoo realism, Disney animals, anthropomorphic mascots","Animals word search — hard difficulty illustration",""
"animals","hard-640","/public/images/themes/animals-hard-640.webp","640x480","(derive from master with node scripts/derive-images.mjs — do not regenerate separately unless needed)","P1","Animals","","Animals word search — hard difficulty illustration (640w)","derived"
"garden","easy","/public/images/themes/garden-easy.webp","1200x900","Hand-painted gouache and soft risograph illustration on warm cream paper, editorial magazine style, visible brush texture and slight ink misregistration, muted earth tones (paper #F4EFE6, ink #2C241B, moss #3D5A45, ochre #E8C99B, walnut #6B4F3A), flat soft lighting, quiet adult mood, no people faces, no text, no letters, no logos, no watermarks, square-safe composition with breathing room, tactile handmade feel. FIXED CAMERA / SAME SERIES RULES: identical viewpoint, camera distance, table or shelf plane, palette, and soft indoor light as the other two difficulty frames for this theme. Same prop base language — only object count and scene fullness change. Keep calm adult editorial mood; denser detail must still feel quiet, never chaotic. Square-safe 4:3 difficulty illustration for Words at Rest theme 'Garden' (garden), DIFFICULTY LEVEL: EASY. Motif: a single terracotta pot with one small seedling on a wooden potting bench, lots of empty cream negative space (1–2 objects). Leave bottom ~20% slightly simpler for optional UI overlay. No readable text. WordsAtRest editorial gouache risograph v1. WordsAtRest difficulty progression v1 — garden-easy.","P1","Garden","text, letters, typography, watermark, logo, brand name, UI mockup, photorealistic stock photo, glossy 3D render, plastic CGI, purple neon gradient, floating blobs, sparkles, glitter, lens flare, oversmoothed skin, beautiful young influencer face, children, kids cartoon, Disney, Marvel, anime, chibi, emoji, clipart, Busy Beaver, stock cafe cliché with latte art heart, cyberpunk, hyper-saturated, busy collage, chaotic composition, extra fingers, deformed anatomy, lowres, blurry, jpeg artifacts, Santa face, cupid, bunny mascot, cartoon turkey mascot, crucifix as logo, glowing cross icon, garden gnome cartoon, kids playground","Garden word search — easy difficulty illustration","Large Print reuses easy"
"garden","easy-640","/public/images/themes/garden-easy-640.webp","640x480","(derive from master with node scripts/derive-images.mjs — do not regenerate separately unless needed)","P1","Garden","","Garden word search — easy difficulty illustration (640w)","derived"
"garden","medium","/public/images/themes/garden-medium.webp","1200x900","Hand-painted gouache and soft risograph illustration on warm cream paper, editorial magazine style, visible brush texture and slight ink misregistration, muted earth tones (paper #F4EFE6, ink #2C241B, moss #3D5A45, ochre #E8C99B, walnut #6B4F3A), flat soft lighting, quiet adult mood, no people faces, no text, no letters, no logos, no watermarks, square-safe composition with breathing room, tactile handmade feel. FIXED CAMERA / SAME SERIES RULES: identical viewpoint, camera distance, table or shelf plane, palette, and soft indoor light as the other two difficulty frames for this theme. Same prop base language — only object count and scene fullness change. Keep calm adult editorial mood; denser detail must still feel quiet, never chaotic. Square-safe 4:3 difficulty illustration for Words at Rest theme 'Garden' (garden), DIFFICULTY LEVEL: MEDIUM. Motif: the same bench now showing a developing flower bed: a few pots with budding blooms and a small trowel (~5–7 objects). Leave bottom ~20% slightly simpler for optional UI overlay. No readable text. WordsAtRest editorial gouache risograph v1. WordsAtRest difficulty progression v1 — garden-medium.","P1","Garden","text, letters, typography, watermark, logo, brand name, UI mockup, photorealistic stock photo, glossy 3D render, plastic CGI, purple neon gradient, floating blobs, sparkles, glitter, lens flare, oversmoothed skin, beautiful young influencer face, children, kids cartoon, Disney, Marvel, anime, chibi, emoji, clipart, Busy Beaver, stock cafe cliché with latte art heart, cyberpunk, hyper-saturated, busy collage, chaotic composition, extra fingers, deformed anatomy, lowres, blurry, jpeg artifacts, Santa face, cupid, bunny mascot, cartoon turkey mascot, crucifix as logo, glowing cross icon, garden gnome cartoon, kids playground","Garden word search — medium difficulty illustration",""
"garden","medium-640","/public/images/themes/garden-medium-640.webp","640x480","(derive from master with node scripts/derive-images.mjs — do not regenerate separately unless needed)","P1","Garden","","Garden word search — medium difficulty illustration (640w)","derived"
"garden","hard","/public/images/themes/garden-hard.webp","1200x900","Hand-painted gouache and soft risograph illustration on warm cream paper, editorial magazine style, visible brush texture and slight ink misregistration, muted earth tones (paper #F4EFE6, ink #2C241B, moss #3D5A45, ochre #E8C99B, walnut #6B4F3A), flat soft lighting, quiet adult mood, no people faces, no text, no letters, no logos, no watermarks, square-safe composition with breathing room, tactile handmade feel. FIXED CAMERA / SAME SERIES RULES: identical viewpoint, camera distance, table or shelf plane, palette, and soft indoor light as the other two difficulty frames for this theme. Same prop base language — only object count and scene fullness change. Keep calm adult editorial mood; denser detail must still feel quiet, never chaotic. Square-safe 4:3 difficulty illustration for Words at Rest theme 'Garden' (garden), DIFFICULTY LEVEL: HARD. Motif: the same viewpoint now a garden in full bloom: terracotta pots, flowering greens, trowel and soil crumbs — rich, tactile, soil-under-nails feel, still calm. Leave bottom ~20% slightly simpler for optional UI overlay. No readable text. WordsAtRest editorial gouache risograph v1. WordsAtRest difficulty progression v1 — garden-hard.","P1","Garden","text, letters, typography, watermark, logo, brand name, UI mockup, photorealistic stock photo, glossy 3D render, plastic CGI, purple neon gradient, floating blobs, sparkles, glitter, lens flare, oversmoothed skin, beautiful young influencer face, children, kids cartoon, Disney, Marvel, anime, chibi, emoji, clipart, Busy Beaver, stock cafe cliché with latte art heart, cyberpunk, hyper-saturated, busy collage, chaotic composition, extra fingers, deformed anatomy, lowres, blurry, jpeg artifacts, Santa face, cupid, bunny mascot, cartoon turkey mascot, crucifix as logo, glowing cross icon, garden gnome cartoon, kids playground","Garden word search — hard difficulty illustration",""
"garden","hard-640","/public/images/themes/garden-hard-640.webp","640x480","(derive from master with node scripts/derive-images.mjs — do not regenerate separately unless needed)","P1","Garden","","Garden word search — hard difficulty illustration (640w)","derived"
"ocean","easy","/public/images/themes/ocean-easy.webp","1200x900","Hand-painted gouache and soft risograph illustration on warm cream paper, editorial magazine style, visible brush texture and slight ink misregistration, muted earth tones (paper #F4EFE6, ink #2C241B, moss #3D5A45, ochre #E8C99B, walnut #6B4F3A), flat soft lighting, quiet adult mood, no people faces, no text, no letters, no logos, no watermarks, square-safe composition with breathing room, tactile handmade feel. FIXED CAMERA / SAME SERIES RULES: identical viewpoint, camera distance, table or shelf plane, palette, and soft indoor light as the other two difficulty frames for this theme. Same prop base language — only object count and scene fullness change. Keep calm adult editorial mood; denser detail must still feel quiet, never chaotic. Square-safe 4:3 difficulty illustration for Words at Rest theme 'Ocean' (ocean), DIFFICULTY LEVEL: EASY. Motif: a single seashell on sand-toned paper, generous empty cream space (1 object). Leave bottom ~20% slightly simpler for optional UI overlay. No readable text. WordsAtRest editorial gouache risograph v1. WordsAtRest difficulty progression v1 — ocean-easy.","P1","Ocean","text, letters, typography, watermark, logo, brand name, UI mockup, photorealistic stock photo, glossy 3D render, plastic CGI, purple neon gradient, floating blobs, sparkles, glitter, lens flare, oversmoothed skin, beautiful young influencer face, children, kids cartoon, Disney, Marvel, anime, chibi, emoji, clipart, Busy Beaver, stock cafe cliché with latte art heart, cyberpunk, hyper-saturated, busy collage, chaotic composition, extra fingers, deformed anatomy, lowres, blurry, jpeg artifacts, Santa face, cupid, bunny mascot, cartoon turkey mascot, crucifix as logo, glowing cross icon, pirate cartoon, shark attack drama","Ocean word search — easy difficulty illustration","Large Print reuses easy"
"ocean","easy-640","/public/images/themes/ocean-easy-640.webp","640x480","(derive from master with node scripts/derive-images.mjs — do not regenerate separately unless needed)","P1","Ocean","","Ocean word search — easy difficulty illustration (640w)","derived"
"ocean","medium","/public/images/themes/ocean-medium.webp","1200x900","Hand-painted gouache and soft risograph illustration on warm cream paper, editorial magazine style, visible brush texture and slight ink misregistration, muted earth tones (paper #F4EFE6, ink #2C241B, moss #3D5A45, ochre #E8C99B, walnut #6B4F3A), flat soft lighting, quiet adult mood, no people faces, no text, no letters, no logos, no watermarks, square-safe composition with breathing room, tactile handmade feel. FIXED CAMERA / SAME SERIES RULES: identical viewpoint, camera distance, table or shelf plane, palette, and soft indoor light as the other two difficulty frames for this theme. Same prop base language — only object count and scene fullness change. Keep calm adult editorial mood; denser detail must still feel quiet, never chaotic. Square-safe 4:3 difficulty illustration for Words at Rest theme 'Ocean' (ocean), DIFFICULTY LEVEL: MEDIUM. Motif: the same seashell with a soft painted wave line and seafoam hint (~4–5 objects). Leave bottom ~20% slightly simpler for optional UI overlay. No readable text. WordsAtRest editorial gouache risograph v1. WordsAtRest difficulty progression v1 — ocean-medium.","P1","Ocean","text, letters, typography, watermark, logo, brand name, UI mockup, photorealistic stock photo, glossy 3D render, plastic CGI, purple neon gradient, floating blobs, sparkles, glitter, lens flare, oversmoothed skin, beautiful young influencer face, children, kids cartoon, Disney, Marvel, anime, chibi, emoji, clipart, Busy Beaver, stock cafe cliché with latte art heart, cyberpunk, hyper-saturated, busy collage, chaotic composition, extra fingers, deformed anatomy, lowres, blurry, jpeg artifacts, Santa face, cupid, bunny mascot, cartoon turkey mascot, crucifix as logo, glowing cross icon, pirate cartoon, shark attack drama","Ocean word search — medium difficulty illustration",""
"ocean","medium-640","/public/images/themes/ocean-medium-640.webp","640x480","(derive from master with node scripts/derive-images.mjs — do not regenerate separately unless needed)","P1","Ocean","","Ocean word search — medium difficulty illustration (640w)","derived"
"ocean","hard","/public/images/themes/ocean-hard.webp","1200x900","Hand-painted gouache and soft risograph illustration on warm cream paper, editorial magazine style, visible brush texture and slight ink misregistration, muted earth tones (paper #F4EFE6, ink #2C241B, moss #3D5A45, ochre #E8C99B, walnut #6B4F3A), flat soft lighting, quiet adult mood, no people faces, no text, no letters, no logos, no watermarks, square-safe composition with breathing room, tactile handmade feel. FIXED CAMERA / SAME SERIES RULES: identical viewpoint, camera distance, table or shelf plane, palette, and soft indoor light as the other two difficulty frames for this theme. Same prop base language — only object count and scene fullness change. Keep calm adult editorial mood; denser detail must still feel quiet, never chaotic. Square-safe 4:3 difficulty illustration for Words at Rest theme 'Ocean' (ocean), DIFFICULTY LEVEL: HARD. Motif: the same tidal calm scene now fuller: seashell, wave line, distant lighthouse silhouette and seafoam — slow tempo, quiet. Leave bottom ~20% slightly simpler for optional UI overlay. No readable text. WordsAtRest editorial gouache risograph v1. WordsAtRest difficulty progression v1 — ocean-hard.","P1","Ocean","text, letters, typography, watermark, logo, brand name, UI mockup, photorealistic stock photo, glossy 3D render, plastic CGI, purple neon gradient, floating blobs, sparkles, glitter, lens flare, oversmoothed skin, beautiful young influencer face, children, kids cartoon, Disney, Marvel, anime, chibi, emoji, clipart, Busy Beaver, stock cafe cliché with latte art heart, cyberpunk, hyper-saturated, busy collage, chaotic composition, extra fingers, deformed anatomy, lowres, blurry, jpeg artifacts, Santa face, cupid, bunny mascot, cartoon turkey mascot, crucifix as logo, glowing cross icon, pirate cartoon, shark attack drama","Ocean word search — hard difficulty illustration",""
"ocean","hard-640","/public/images/themes/ocean-hard-640.webp","640x480","(derive from master with node scripts/derive-images.mjs — do not regenerate separately unless needed)","P1","Ocean","","Ocean word search — hard difficulty illustration (640w)","derived"
"dogs","easy","/public/images/themes/dogs-easy.webp","1200x900","Hand-painted gouache and soft risograph illustration on warm cream paper, editorial magazine style, visible brush texture and slight ink misregistration, muted earth tones (paper #F4EFE6, ink #2C241B, moss #3D5A45, ochre #E8C99B, walnut #6B4F3A), flat soft lighting, quiet adult mood, no people faces, no text, no letters, no logos, no watermarks, square-safe composition with breathing room, tactile handmade feel. FIXED CAMERA / SAME SERIES RULES: identical viewpoint, camera distance, table or shelf plane, palette, and soft indoor light as the other two difficulty frames for this theme. Same prop base language — only object count and scene fullness change. Keep calm adult editorial mood; denser detail must still feel quiet, never chaotic. Square-safe 4:3 difficulty illustration for Words at Rest theme 'Dogs' (dogs), DIFFICULTY LEVEL: EASY. Motif: a single coiled leash on a wooden floor, generous empty cream space (1 object). Leave bottom ~20% slightly simpler for optional UI overlay. No readable text. WordsAtRest editorial gouache risograph v1. WordsAtRest difficulty progression v1 — dogs-easy.","P1","Dogs","text, letters, typography, watermark, logo, brand name, UI mockup, photorealistic stock photo, glossy 3D render, plastic CGI, purple neon gradient, floating blobs, sparkles, glitter, lens flare, oversmoothed skin, beautiful young influencer face, children, kids cartoon, Disney, Marvel, anime, chibi, emoji, clipart, Busy Beaver, stock cafe cliché with latte art heart, cyberpunk, hyper-saturated, busy collage, chaotic composition, extra fingers, deformed anatomy, lowres, blurry, jpeg artifacts, Santa face, cupid, bunny mascot, cartoon turkey mascot, crucifix as logo, glowing cross icon, breed trademark, dog face extreme close-up, cartoon dog mascot","Dogs word search — easy difficulty illustration","Large Print reuses easy"
"dogs","easy-640","/public/images/themes/dogs-easy-640.webp","640x480","(derive from master with node scripts/derive-images.mjs — do not regenerate separately unless needed)","P1","Dogs","","Dogs word search — easy difficulty illustration (640w)","derived"
"dogs","medium","/public/images/themes/dogs-medium.webp","1200x900","Hand-painted gouache and soft risograph illustration on warm cream paper, editorial magazine style, visible brush texture and slight ink misregistration, muted earth tones (paper #F4EFE6, ink #2C241B, moss #3D5A45, ochre #E8C99B, walnut #6B4F3A), flat soft lighting, quiet adult mood, no people faces, no text, no letters, no logos, no watermarks, square-safe composition with breathing room, tactile handmade feel. FIXED CAMERA / SAME SERIES RULES: identical viewpoint, camera distance, table or shelf plane, palette, and soft indoor light as the other two difficulty frames for this theme. Same prop base language — only object count and scene fullness change. Keep calm adult editorial mood; denser detail must still feel quiet, never chaotic. Square-safe 4:3 difficulty illustration for Words at Rest theme 'Dogs' (dogs), DIFFICULTY LEVEL: MEDIUM. Motif: the same leash with a paw print stamp and a soft collar (~4–5 objects). Leave bottom ~20% slightly simpler for optional UI overlay. No readable text. WordsAtRest editorial gouache risograph v1. WordsAtRest difficulty progression v1 — dogs-medium.","P1","Dogs","text, letters, typography, watermark, logo, brand name, UI mockup, photorealistic stock photo, glossy 3D render, plastic CGI, purple neon gradient, floating blobs, sparkles, glitter, lens flare, oversmoothed skin, beautiful young influencer face, children, kids cartoon, Disney, Marvel, anime, chibi, emoji, clipart, Busy Beaver, stock cafe cliché with latte art heart, cyberpunk, hyper-saturated, busy collage, chaotic composition, extra fingers, deformed anatomy, lowres, blurry, jpeg artifacts, Santa face, cupid, bunny mascot, cartoon turkey mascot, crucifix as logo, glowing cross icon, breed trademark, dog face extreme close-up, cartoon dog mascot","Dogs word search — medium difficulty illustration",""
"dogs","medium-640","/public/images/themes/dogs-medium-640.webp","640x480","(derive from master with node scripts/derive-images.mjs — do not regenerate separately unless needed)","P1","Dogs","","Dogs word search — medium difficulty illustration (640w)","derived"
"dogs","hard","/public/images/themes/dogs-hard.webp","1200x900","Hand-painted gouache and soft risograph illustration on warm cream paper, editorial magazine style, visible brush texture and slight ink misregistration, muted earth tones (paper #F4EFE6, ink #2C241B, moss #3D5A45, ochre #E8C99B, walnut #6B4F3A), flat soft lighting, quiet adult mood, no people faces, no text, no letters, no logos, no watermarks, square-safe composition with breathing room, tactile handmade feel. FIXED CAMERA / SAME SERIES RULES: identical viewpoint, camera distance, table or shelf plane, palette, and soft indoor light as the other two difficulty frames for this theme. Same prop base language — only object count and scene fullness change. Keep calm adult editorial mood; denser detail must still feel quiet, never chaotic. Square-safe 4:3 difficulty illustration for Words at Rest theme 'Dogs' (dogs), DIFFICULTY LEVEL: HARD. Motif: the same affectionate dog still life now full: leash curl, paw print, soft dog silhouette and a simple bowl — no breed IP, no face close-up required. Leave bottom ~20% slightly simpler for optional UI overlay. No readable text. WordsAtRest editorial gouache risograph v1. WordsAtRest difficulty progression v1 — dogs-hard.","P1","Dogs","text, letters, typography, watermark, logo, brand name, UI mockup, photorealistic stock photo, glossy 3D render, plastic CGI, purple neon gradient, floating blobs, sparkles, glitter, lens flare, oversmoothed skin, beautiful young influencer face, children, kids cartoon, Disney, Marvel, anime, chibi, emoji, clipart, Busy Beaver, stock cafe cliché with latte art heart, cyberpunk, hyper-saturated, busy collage, chaotic composition, extra fingers, deformed anatomy, lowres, blurry, jpeg artifacts, Santa face, cupid, bunny mascot, cartoon turkey mascot, crucifix as logo, glowing cross icon, breed trademark, dog face extreme close-up, cartoon dog mascot","Dogs word search — hard difficulty illustration",""
"dogs","hard-640","/public/images/themes/dogs-hard-640.webp","640x480","(derive from master with node scripts/derive-images.mjs — do not regenerate separately unless needed)","P1","Dogs","","Dogs word search — hard difficulty illustration (640w)","derived"
"cats","easy","/public/images/themes/cats-easy.webp","1200x900","Hand-painted gouache and soft risograph illustration on warm cream paper, editorial magazine style, visible brush texture and slight ink misregistration, muted earth tones (paper #F4EFE6, ink #2C241B, moss #3D5A45, ochre #E8C99B, walnut #6B4F3A), flat soft lighting, quiet adult mood, no people faces, no text, no letters, no logos, no watermarks, square-safe composition with breathing room, tactile handmade feel. FIXED CAMERA / SAME SERIES RULES: identical viewpoint, camera distance, table or shelf plane, palette, and soft indoor light as the other two difficulty frames for this theme. Same prop base language — only object count and scene fullness change. Keep calm adult editorial mood; denser detail must still feel quiet, never chaotic. Square-safe 4:3 difficulty illustration for Words at Rest theme 'Cats' (cats), DIFFICULTY LEVEL: EASY. Motif: a single yarn ball on a windowsill, lots of negative space (1 object). Leave bottom ~20% slightly simpler for optional UI overlay. No readable text. WordsAtRest editorial gouache risograph v1. WordsAtRest difficulty progression v1 — cats-easy.","P1","Cats","text, letters, typography, watermark, logo, brand name, UI mockup, photorealistic stock photo, glossy 3D render, plastic CGI, purple neon gradient, floating blobs, sparkles, glitter, lens flare, oversmoothed skin, beautiful young influencer face, children, kids cartoon, Disney, Marvel, anime, chibi, emoji, clipart, Busy Beaver, stock cafe cliché with latte art heart, cyberpunk, hyper-saturated, busy collage, chaotic composition, extra fingers, deformed anatomy, lowres, blurry, jpeg artifacts, Santa face, cupid, bunny mascot, cartoon turkey mascot, crucifix as logo, glowing cross icon, cartoon cat mascot, anime cat","Cats word search — easy difficulty illustration","Large Print reuses easy"
"cats","easy-640","/public/images/themes/cats-easy-640.webp","640x480","(derive from master with node scripts/derive-images.mjs — do not regenerate separately unless needed)","P1","Cats","","Cats word search — easy difficulty illustration (640w)","derived"
"cats","medium","/public/images/themes/cats-medium.webp","1200x900","Hand-painted gouache and soft risograph illustration on warm cream paper, editorial magazine style, visible brush texture and slight ink misregistration, muted earth tones (paper #F4EFE6, ink #2C241B, moss #3D5A45, ochre #E8C99B, walnut #6B4F3A), flat soft lighting, quiet adult mood, no people faces, no text, no letters, no logos, no watermarks, square-safe composition with breathing room, tactile handmade feel. FIXED CAMERA / SAME SERIES RULES: identical viewpoint, camera distance, table or shelf plane, palette, and soft indoor light as the other two difficulty frames for this theme. Same prop base language — only object count and scene fullness change. Keep calm adult editorial mood; denser detail must still feel quiet, never chaotic. Square-safe 4:3 difficulty illustration for Words at Rest theme 'Cats' (cats), DIFFICULTY LEVEL: MEDIUM. Motif: the same yarn ball on the windowsill with evening light (~4 objects). Leave bottom ~20% slightly simpler for optional UI overlay. No readable text. WordsAtRest editorial gouache risograph v1. WordsAtRest difficulty progression v1 — cats-medium.","P1","Cats","text, letters, typography, watermark, logo, brand name, UI mockup, photorealistic stock photo, glossy 3D render, plastic CGI, purple neon gradient, floating blobs, sparkles, glitter, lens flare, oversmoothed skin, beautiful young influencer face, children, kids cartoon, Disney, Marvel, anime, chibi, emoji, clipart, Busy Beaver, stock cafe cliché with latte art heart, cyberpunk, hyper-saturated, busy collage, chaotic composition, extra fingers, deformed anatomy, lowres, blurry, jpeg artifacts, Santa face, cupid, bunny mascot, cartoon turkey mascot, crucifix as logo, glowing cross icon, cartoon cat mascot, anime cat","Cats word search — medium difficulty illustration",""
"cats","medium-640","/public/images/themes/cats-medium-640.webp","640x480","(derive from master with node scripts/derive-images.mjs — do not regenerate separately unless needed)","P1","Cats","","Cats word search — medium difficulty illustration (640w)","derived"
"cats","hard","/public/images/themes/cats-hard.webp","1200x900","Hand-painted gouache and soft risograph illustration on warm cream paper, editorial magazine style, visible brush texture and slight ink misregistration, muted earth tones (paper #F4EFE6, ink #2C241B, moss #3D5A45, ochre #E8C99B, walnut #6B4F3A), flat soft lighting, quiet adult mood, no people faces, no text, no letters, no logos, no watermarks, square-safe composition with breathing room, tactile handmade feel. FIXED CAMERA / SAME SERIES RULES: identical viewpoint, camera distance, table or shelf plane, palette, and soft indoor light as the other two difficulty frames for this theme. Same prop base language — only object count and scene fullness change. Keep calm adult editorial mood; denser detail must still feel quiet, never chaotic. Square-safe 4:3 difficulty illustration for Words at Rest theme 'Cats' (cats), DIFFICULTY LEVEL: HARD. Motif: the same indoor evening scene now full: yarn ball, windowsill and a curled cat silhouette — soft adult mood, no cartoon cat face. Leave bottom ~20% slightly simpler for optional UI overlay. No readable text. WordsAtRest editorial gouache risograph v1. WordsAtRest difficulty progression v1 — cats-hard.","P1","Cats","text, letters, typography, watermark, logo, brand name, UI mockup, photorealistic stock photo, glossy 3D render, plastic CGI, purple neon gradient, floating blobs, sparkles, glitter, lens flare, oversmoothed skin, beautiful young influencer face, children, kids cartoon, Disney, Marvel, anime, chibi, emoji, clipart, Busy Beaver, stock cafe cliché with latte art heart, cyberpunk, hyper-saturated, busy collage, chaotic composition, extra fingers, deformed anatomy, lowres, blurry, jpeg artifacts, Santa face, cupid, bunny mascot, cartoon turkey mascot, crucifix as logo, glowing cross icon, cartoon cat mascot, anime cat","Cats word search — hard difficulty illustration",""
"cats","hard-640","/public/images/themes/cats-hard-640.webp","640x480","(derive from master with node scripts/derive-images.mjs — do not regenerate separately unless needed)","P1","Cats","","Cats word search — hard difficulty illustration (640w)","derived"
"food","easy","/public/images/themes/food-easy.webp","1200x900","Hand-painted gouache and soft risograph illustration on warm cream paper, editorial magazine style, visible brush texture and slight ink misregistration, muted earth tones (paper #F4EFE6, ink #2C241B, moss #3D5A45, ochre #E8C99B, walnut #6B4F3A), flat soft lighting, quiet adult mood, no people faces, no text, no letters, no logos, no watermarks, square-safe composition with breathing room, tactile handmade feel. FIXED CAMERA / SAME SERIES RULES: identical viewpoint, camera distance, table or shelf plane, palette, and soft indoor light as the other two difficulty frames for this theme. Same prop base language — only object count and scene fullness change. Keep calm adult editorial mood; denser detail must still feel quiet, never chaotic. Square-safe 4:3 difficulty illustration for Words at Rest theme 'Food' (food), DIFFICULTY LEVEL: EASY. Motif: a single ceramic bowl on a wooden kitchen table, generous empty cream space (1 object). Leave bottom ~20% slightly simpler for optional UI overlay. No readable text. WordsAtRest editorial gouache risograph v1. WordsAtRest difficulty progression v1 — food-easy.","P1","Food","text, letters, typography, watermark, logo, brand name, UI mockup, photorealistic stock photo, glossy 3D render, plastic CGI, purple neon gradient, floating blobs, sparkles, glitter, lens flare, oversmoothed skin, beautiful young influencer face, children, kids cartoon, Disney, Marvel, anime, chibi, emoji, clipart, Busy Beaver, stock cafe cliché with latte art heart, cyberpunk, hyper-saturated, busy collage, chaotic composition, extra fingers, deformed anatomy, lowres, blurry, jpeg artifacts, Santa face, cupid, bunny mascot, cartoon turkey mascot, crucifix as logo, glowing cross icon, fast-food branding, latte art heart cliché","Food word search — easy difficulty illustration","Large Print reuses easy"
"food","easy-640","/public/images/themes/food-easy-640.webp","640x480","(derive from master with node scripts/derive-images.mjs — do not regenerate separately unless needed)","P1","Food","","Food word search — easy difficulty illustration (640w)","derived"
"food","medium","/public/images/themes/food-medium.webp","1200x900","Hand-painted gouache and soft risograph illustration on warm cream paper, editorial magazine style, visible brush texture and slight ink misregistration, muted earth tones (paper #F4EFE6, ink #2C241B, moss #3D5A45, ochre #E8C99B, walnut #6B4F3A), flat soft lighting, quiet adult mood, no people faces, no text, no letters, no logos, no watermarks, square-safe composition with breathing room, tactile handmade feel. FIXED CAMERA / SAME SERIES RULES: identical viewpoint, camera distance, table or shelf plane, palette, and soft indoor light as the other two difficulty frames for this theme. Same prop base language — only object count and scene fullness change. Keep calm adult editorial mood; denser detail must still feel quiet, never chaotic. Square-safe 4:3 difficulty illustration for Words at Rest theme 'Food' (food), DIFFICULTY LEVEL: MEDIUM. Motif: the same bowl with a wooden spoon and a few herb sprigs (~5 objects). Leave bottom ~20% slightly simpler for optional UI overlay. No readable text. WordsAtRest editorial gouache risograph v1. WordsAtRest difficulty progression v1 — food-medium.","P1","Food","text, letters, typography, watermark, logo, brand name, UI mockup, photorealistic stock photo, glossy 3D render, plastic CGI, purple neon gradient, floating blobs, sparkles, glitter, lens flare, oversmoothed skin, beautiful young influencer face, children, kids cartoon, Disney, Marvel, anime, chibi, emoji, clipart, Busy Beaver, stock cafe cliché with latte art heart, cyberpunk, hyper-saturated, busy collage, chaotic composition, extra fingers, deformed anatomy, lowres, blurry, jpeg artifacts, Santa face, cupid, bunny mascot, cartoon turkey mascot, crucifix as logo, glowing cross icon, fast-food branding, latte art heart cliché","Food word search — medium difficulty illustration",""
"food","medium-640","/public/images/themes/food-medium-640.webp","640x480","(derive from master with node scripts/derive-images.mjs — do not regenerate separately unless needed)","P1","Food","","Food word search — medium difficulty illustration (640w)","derived"
"food","hard","/public/images/themes/food-hard.webp","1200x900","Hand-painted gouache and soft risograph illustration on warm cream paper, editorial magazine style, visible brush texture and slight ink misregistration, muted earth tones (paper #F4EFE6, ink #2C241B, moss #3D5A45, ochre #E8C99B, walnut #6B4F3A), flat soft lighting, quiet adult mood, no people faces, no text, no letters, no logos, no watermarks, square-safe composition with breathing room, tactile handmade feel. FIXED CAMERA / SAME SERIES RULES: identical viewpoint, camera distance, table or shelf plane, palette, and soft indoor light as the other two difficulty frames for this theme. Same prop base language — only object count and scene fullness change. Keep calm adult editorial mood; denser detail must still feel quiet, never chaotic. Square-safe 4:3 difficulty illustration for Words at Rest theme 'Food' (food), DIFFICULTY LEVEL: HARD. Motif: the same kitchen still life now rich: ceramic bowl, herbs, bread loaf and wooden spoon — warm, unhurried adult cooking mood. Leave bottom ~20% slightly simpler for optional UI overlay. No readable text. WordsAtRest editorial gouache risograph v1. WordsAtRest difficulty progression v1 — food-hard.","P1","Food","text, letters, typography, watermark, logo, brand name, UI mockup, photorealistic stock photo, glossy 3D render, plastic CGI, purple neon gradient, floating blobs, sparkles, glitter, lens flare, oversmoothed skin, beautiful young influencer face, children, kids cartoon, Disney, Marvel, anime, chibi, emoji, clipart, Busy Beaver, stock cafe cliché with latte art heart, cyberpunk, hyper-saturated, busy collage, chaotic composition, extra fingers, deformed anatomy, lowres, blurry, jpeg artifacts, Santa face, cupid, bunny mascot, cartoon turkey mascot, crucifix as logo, glowing cross icon, fast-food branding, latte art heart cliché","Food word search — hard difficulty illustration",""
"food","hard-640","/public/images/themes/food-hard-640.webp","640x480","(derive from master with node scripts/derive-images.mjs — do not regenerate separately unless needed)","P1","Food","","Food word search — hard difficulty illustration (640w)","derived"
"sports","easy","/public/images/themes/sports-easy.webp","1200x900","Hand-painted gouache and soft risograph illustration on warm cream paper, editorial magazine style, visible brush texture and slight ink misregistration, muted earth tones (paper #F4EFE6, ink #2C241B, moss #3D5A45, ochre #E8C99B, walnut #6B4F3A), flat soft lighting, quiet adult mood, no people faces, no text, no letters, no logos, no watermarks, square-safe composition with breathing room, tactile handmade feel. FIXED CAMERA / SAME SERIES RULES: identical viewpoint, camera distance, table or shelf plane, palette, and soft indoor light as the other two difficulty frames for this theme. Same prop base language — only object count and scene fullness change. Keep calm adult editorial mood; denser detail must still feel quiet, never chaotic. Square-safe 4:3 difficulty illustration for Words at Rest theme 'Sports' (sports), DIFFICULTY LEVEL: EASY. Motif: a single tennis ball on a wooden bench, lots of negative space (1 object). Leave bottom ~20% slightly simpler for optional UI overlay. No readable text. WordsAtRest editorial gouache risograph v1. WordsAtRest difficulty progression v1 — sports-easy.","P2","Sports","text, letters, typography, watermark, logo, brand name, UI mockup, photorealistic stock photo, glossy 3D render, plastic CGI, purple neon gradient, floating blobs, sparkles, glitter, lens flare, oversmoothed skin, beautiful young influencer face, children, kids cartoon, Disney, Marvel, anime, chibi, emoji, clipart, Busy Beaver, stock cafe cliché with latte art heart, cyberpunk, hyper-saturated, busy collage, chaotic composition, extra fingers, deformed anatomy, lowres, blurry, jpeg artifacts, Santa face, cupid, bunny mascot, cartoon turkey mascot, crucifix as logo, glowing cross icon, stadium spectacle, trophy confetti, team logos","Sports word search — easy difficulty illustration","Large Print reuses easy"
"sports","easy-640","/public/images/themes/sports-easy-640.webp","640x480","(derive from master with node scripts/derive-images.mjs — do not regenerate separately unless needed)","P2","Sports","","Sports word search — easy difficulty illustration (640w)","derived"
"sports","medium","/public/images/themes/sports-medium.webp","1200x900","Hand-painted gouache and soft risograph illustration on warm cream paper, editorial magazine style, visible brush texture and slight ink misregistration, muted earth tones (paper #F4EFE6, ink #2C241B, moss #3D5A45, ochre #E8C99B, walnut #6B4F3A), flat soft lighting, quiet adult mood, no people faces, no text, no letters, no logos, no watermarks, square-safe composition with breathing room, tactile handmade feel. FIXED CAMERA / SAME SERIES RULES: identical viewpoint, camera distance, table or shelf plane, palette, and soft indoor light as the other two difficulty frames for this theme. Same prop base language — only object count and scene fullness change. Keep calm adult editorial mood; denser detail must still feel quiet, never chaotic. Square-safe 4:3 difficulty illustration for Words at Rest theme 'Sports' (sports), DIFFICULTY LEVEL: MEDIUM. Motif: the same tennis ball with a pair of walking shoes (~4–5 objects). Leave bottom ~20% slightly simpler for optional UI overlay. No readable text. WordsAtRest editorial gouache risograph v1. WordsAtRest difficulty progression v1 — sports-medium.","P2","Sports","text, letters, typography, watermark, logo, brand name, UI mockup, photorealistic stock photo, glossy 3D render, plastic CGI, purple neon gradient, floating blobs, sparkles, glitter, lens flare, oversmoothed skin, beautiful young influencer face, children, kids cartoon, Disney, Marvel, anime, chibi, emoji, clipart, Busy Beaver, stock cafe cliché with latte art heart, cyberpunk, hyper-saturated, busy collage, chaotic composition, extra fingers, deformed anatomy, lowres, blurry, jpeg artifacts, Santa face, cupid, bunny mascot, cartoon turkey mascot, crucifix as logo, glowing cross icon, stadium spectacle, trophy confetti, team logos","Sports word search — medium difficulty illustration",""
"sports","medium-640","/public/images/themes/sports-medium-640.webp","640x480","(derive from master with node scripts/derive-images.mjs — do not regenerate separately unless needed)","P2","Sports","","Sports word search — medium difficulty illustration (640w)","derived"
"sports","hard","/public/images/themes/sports-hard.webp","1200x900","Hand-painted gouache and soft risograph illustration on warm cream paper, editorial magazine style, visible brush texture and slight ink misregistration, muted earth tones (paper #F4EFE6, ink #2C241B, moss #3D5A45, ochre #E8C99B, walnut #6B4F3A), flat soft lighting, quiet adult mood, no people faces, no text, no letters, no logos, no watermarks, square-safe composition with breathing room, tactile handmade feel. FIXED CAMERA / SAME SERIES RULES: identical viewpoint, camera distance, table or shelf plane, palette, and soft indoor light as the other two difficulty frames for this theme. Same prop base language — only object count and scene fullness change. Keep calm adult editorial mood; denser detail must still feel quiet, never chaotic. Square-safe 4:3 difficulty illustration for Words at Rest theme 'Sports' (sports), DIFFICULTY LEVEL: HARD. Motif: the same adult leisure sports still life now full: tennis ball, walking shoes and a bicycle wheel — calm, not arena spectacle. Leave bottom ~20% slightly simpler for optional UI overlay. No readable text. WordsAtRest editorial gouache risograph v1. WordsAtRest difficulty progression v1 — sports-hard.","P2","Sports","text, letters, typography, watermark, logo, brand name, UI mockup, photorealistic stock photo, glossy 3D render, plastic CGI, purple neon gradient, floating blobs, sparkles, glitter, lens flare, oversmoothed skin, beautiful young influencer face, children, kids cartoon, Disney, Marvel, anime, chibi, emoji, clipart, Busy Beaver, stock cafe cliché with latte art heart, cyberpunk, hyper-saturated, busy collage, chaotic composition, extra fingers, deformed anatomy, lowres, blurry, jpeg artifacts, Santa face, cupid, bunny mascot, cartoon turkey mascot, crucifix as logo, glowing cross icon, stadium spectacle, trophy confetti, team logos","Sports word search — hard difficulty illustration",""
"sports","hard-640","/public/images/themes/sports-hard-640.webp","640x480","(derive from master with node scripts/derive-images.mjs — do not regenerate separately unless needed)","P2","Sports","","Sports word search — hard difficulty illustration (640w)","derived"
"music","easy","/public/images/themes/music-easy.webp","1200x900","Hand-painted gouache and soft risograph illustration on warm cream paper, editorial magazine style, visible brush texture and slight ink misregistration, muted earth tones (paper #F4EFE6, ink #2C241B, moss #3D5A45, ochre #E8C99B, walnut #6B4F3A), flat soft lighting, quiet adult mood, no people faces, no text, no letters, no logos, no watermarks, square-safe composition with breathing room, tactile handmade feel. FIXED CAMERA / SAME SERIES RULES: identical viewpoint, camera distance, table or shelf plane, palette, and soft indoor light as the other two difficulty frames for this theme. Same prop base language — only object count and scene fullness change. Keep calm adult editorial mood; denser detail must still feel quiet, never chaotic. Square-safe 4:3 difficulty illustration for Words at Rest theme 'Music' (music), DIFFICULTY LEVEL: EASY. Motif: a single pair of headphones on a side table, generous empty cream space (1–2 objects). Leave bottom ~20% slightly simpler for optional UI overlay. No readable text. WordsAtRest editorial gouache risograph v1. WordsAtRest difficulty progression v1 — music-easy.","P2","Music","text, letters, typography, watermark, logo, brand name, UI mockup, photorealistic stock photo, glossy 3D render, plastic CGI, purple neon gradient, floating blobs, sparkles, glitter, lens flare, oversmoothed skin, beautiful young influencer face, children, kids cartoon, Disney, Marvel, anime, chibi, emoji, clipart, Busy Beaver, stock cafe cliché with latte art heart, cyberpunk, hyper-saturated, busy collage, chaotic composition, extra fingers, deformed anatomy, lowres, blurry, jpeg artifacts, Santa face, cupid, bunny mascot, cartoon turkey mascot, crucifix as logo, glowing cross icon, neon DJ stage, brand logos on devices","Music word search — easy difficulty illustration","Large Print reuses easy"
"music","easy-640","/public/images/themes/music-easy-640.webp","640x480","(derive from master with node scripts/derive-images.mjs — do not regenerate separately unless needed)","P2","Music","","Music word search — easy difficulty illustration (640w)","derived"
"music","medium","/public/images/themes/music-medium.webp","1200x900","Hand-painted gouache and soft risograph illustration on warm cream paper, editorial magazine style, visible brush texture and slight ink misregistration, muted earth tones (paper #F4EFE6, ink #2C241B, moss #3D5A45, ochre #E8C99B, walnut #6B4F3A), flat soft lighting, quiet adult mood, no people faces, no text, no letters, no logos, no watermarks, square-safe composition with breathing room, tactile handmade feel. FIXED CAMERA / SAME SERIES RULES: identical viewpoint, camera distance, table or shelf plane, palette, and soft indoor light as the other two difficulty frames for this theme. Same prop base language — only object count and scene fullness change. Keep calm adult editorial mood; denser detail must still feel quiet, never chaotic. Square-safe 4:3 difficulty illustration for Words at Rest theme 'Music' (music), DIFFICULTY LEVEL: MEDIUM. Motif: the same headphones with a vinyl sleeve edge (~4–5 objects). Leave bottom ~20% slightly simpler for optional UI overlay. No readable text. WordsAtRest editorial gouache risograph v1. WordsAtRest difficulty progression v1 — music-medium.","P2","Music","text, letters, typography, watermark, logo, brand name, UI mockup, photorealistic stock photo, glossy 3D render, plastic CGI, purple neon gradient, floating blobs, sparkles, glitter, lens flare, oversmoothed skin, beautiful young influencer face, children, kids cartoon, Disney, Marvel, anime, chibi, emoji, clipart, Busy Beaver, stock cafe cliché with latte art heart, cyberpunk, hyper-saturated, busy collage, chaotic composition, extra fingers, deformed anatomy, lowres, blurry, jpeg artifacts, Santa face, cupid, bunny mascot, cartoon turkey mascot, crucifix as logo, glowing cross icon, neon DJ stage, brand logos on devices","Music word search — medium difficulty illustration",""
"music","medium-640","/public/images/themes/music-medium-640.webp","640x480","(derive from master with node scripts/derive-images.mjs — do not regenerate separately unless needed)","P2","Music","","Music word search — medium difficulty illustration (640w)","derived"
"music","hard","/public/images/themes/music-hard.webp","1200x900","Hand-painted gouache and soft risograph illustration on warm cream paper, editorial magazine style, visible brush texture and slight ink misregistration, muted earth tones (paper #F4EFE6, ink #2C241B, moss #3D5A45, ochre #E8C99B, walnut #6B4F3A), flat soft lighting, quiet adult mood, no people faces, no text, no letters, no logos, no watermarks, square-safe composition with breathing room, tactile handmade feel. FIXED CAMERA / SAME SERIES RULES: identical viewpoint, camera distance, table or shelf plane, palette, and soft indoor light as the other two difficulty frames for this theme. Same prop base language — only object count and scene fullness change. Keep calm adult editorial mood; denser detail must still feel quiet, never chaotic. Square-safe 4:3 difficulty illustration for Words at Rest theme 'Music' (music), DIFFICULTY LEVEL: HARD. Motif: the same quiet practice corner now full: headphones, vinyl sleeve edge, music stand and a kettle — listening mood, no readable text on sleeve. Leave bottom ~20% slightly simpler for optional UI overlay. No readable text. WordsAtRest editorial gouache risograph v1. WordsAtRest difficulty progression v1 — music-hard.","P2","Music","text, letters, typography, watermark, logo, brand name, UI mockup, photorealistic stock photo, glossy 3D render, plastic CGI, purple neon gradient, floating blobs, sparkles, glitter, lens flare, oversmoothed skin, beautiful young influencer face, children, kids cartoon, Disney, Marvel, anime, chibi, emoji, clipart, Busy Beaver, stock cafe cliché with latte art heart, cyberpunk, hyper-saturated, busy collage, chaotic composition, extra fingers, deformed anatomy, lowres, blurry, jpeg artifacts, Santa face, cupid, bunny mascot, cartoon turkey mascot, crucifix as logo, glowing cross icon, neon DJ stage, brand logos on devices","Music word search — hard difficulty illustration",""
"music","hard-640","/public/images/themes/music-hard-640.webp","640x480","(derive from master with node scripts/derive-images.mjs — do not regenerate separately unless needed)","P2","Music","","Music word search — hard difficulty illustration (640w)","derived"
"travel","easy","/public/images/themes/travel-easy.webp","1200x900","Hand-painted gouache and soft risograph illustration on warm cream paper, editorial magazine style, visible brush texture and slight ink misregistration, muted earth tones (paper #F4EFE6, ink #2C241B, moss #3D5A45, ochre #E8C99B, walnut #6B4F3A), flat soft lighting, quiet adult mood, no people faces, no text, no letters, no logos, no watermarks, square-safe composition with breathing room, tactile handmade feel. FIXED CAMERA / SAME SERIES RULES: identical viewpoint, camera distance, table or shelf plane, palette, and soft indoor light as the other two difficulty frames for this theme. Same prop base language — only object count and scene fullness change. Keep calm adult editorial mood; denser detail must still feel quiet, never chaotic. Square-safe 4:3 difficulty illustration for Words at Rest theme 'Travel' (travel), DIFFICULTY LEVEL: EASY. Motif: a single brass compass on a wooden desk, lots of negative space (1 object). Leave bottom ~20% slightly simpler for optional UI overlay. No readable text. WordsAtRest editorial gouache risograph v1. WordsAtRest difficulty progression v1 — travel-easy.","P2","Travel","text, letters, typography, watermark, logo, brand name, UI mockup, photorealistic stock photo, glossy 3D render, plastic CGI, purple neon gradient, floating blobs, sparkles, glitter, lens flare, oversmoothed skin, beautiful young influencer face, children, kids cartoon, Disney, Marvel, anime, chibi, emoji, clipart, Busy Beaver, stock cafe cliché with latte art heart, cyberpunk, hyper-saturated, busy collage, chaotic composition, extra fingers, deformed anatomy, lowres, blurry, jpeg artifacts, Santa face, cupid, bunny mascot, cartoon turkey mascot, crucifix as logo, glowing cross icon, airline logos, passport photo faces, readable map text","Travel word search — easy difficulty illustration","Large Print reuses easy"
"travel","easy-640","/public/images/themes/travel-easy-640.webp","640x480","(derive from master with node scripts/derive-images.mjs — do not regenerate separately unless needed)","P2","Travel","","Travel word search — easy difficulty illustration (640w)","derived"
"travel","medium","/public/images/themes/travel-medium.webp","1200x900","Hand-painted gouache and soft risograph illustration on warm cream paper, editorial magazine style, visible brush texture and slight ink misregistration, muted earth tones (paper #F4EFE6, ink #2C241B, moss #3D5A45, ochre #E8C99B, walnut #6B4F3A), flat soft lighting, quiet adult mood, no people faces, no text, no letters, no logos, no watermarks, square-safe composition with breathing room, tactile handmade feel. FIXED CAMERA / SAME SERIES RULES: identical viewpoint, camera distance, table or shelf plane, palette, and soft indoor light as the other two difficulty frames for this theme. Same prop base language — only object count and scene fullness change. Keep calm adult editorial mood; denser detail must still feel quiet, never chaotic. Square-safe 4:3 difficulty illustration for Words at Rest theme 'Travel' (travel), DIFFICULTY LEVEL: MEDIUM. Motif: the same compass with a postage stamp (~4 objects). Leave bottom ~20% slightly simpler for optional UI overlay. No readable text. WordsAtRest editorial gouache risograph v1. WordsAtRest difficulty progression v1 — travel-medium.","P2","Travel","text, letters, typography, watermark, logo, brand name, UI mockup, photorealistic stock photo, glossy 3D render, plastic CGI, purple neon gradient, floating blobs, sparkles, glitter, lens flare, oversmoothed skin, beautiful young influencer face, children, kids cartoon, Disney, Marvel, anime, chibi, emoji, clipart, Busy Beaver, stock cafe cliché with latte art heart, cyberpunk, hyper-saturated, busy collage, chaotic composition, extra fingers, deformed anatomy, lowres, blurry, jpeg artifacts, Santa face, cupid, bunny mascot, cartoon turkey mascot, crucifix as logo, glowing cross icon, airline logos, passport photo faces, readable map text","Travel word search — medium difficulty illustration",""
"travel","medium-640","/public/images/themes/travel-medium-640.webp","640x480","(derive from master with node scripts/derive-images.mjs — do not regenerate separately unless needed)","P2","Travel","","Travel word search — medium difficulty illustration (640w)","derived"
"travel","hard","/public/images/themes/travel-hard.webp","1200x900","Hand-painted gouache and soft risograph illustration on warm cream paper, editorial magazine style, visible brush texture and slight ink misregistration, muted earth tones (paper #F4EFE6, ink #2C241B, moss #3D5A45, ochre #E8C99B, walnut #6B4F3A), flat soft lighting, quiet adult mood, no people faces, no text, no letters, no logos, no watermarks, square-safe composition with breathing room, tactile handmade feel. FIXED CAMERA / SAME SERIES RULES: identical viewpoint, camera distance, table or shelf plane, palette, and soft indoor light as the other two difficulty frames for this theme. Same prop base language — only object count and scene fullness change. Keep calm adult editorial mood; denser detail must still feel quiet, never chaotic. Square-safe 4:3 difficulty illustration for Words at Rest theme 'Travel' (travel), DIFFICULTY LEVEL: HARD. Motif: the same armchair-travel still life now full: folded map, suitcase corner, stamp and compass — gentle wanderlust, no readable place names. Leave bottom ~20% slightly simpler for optional UI overlay. No readable text. WordsAtRest editorial gouache risograph v1. WordsAtRest difficulty progression v1 — travel-hard.","P2","Travel","text, letters, typography, watermark, logo, brand name, UI mockup, photorealistic stock photo, glossy 3D render, plastic CGI, purple neon gradient, floating blobs, sparkles, glitter, lens flare, oversmoothed skin, beautiful young influencer face, children, kids cartoon, Disney, Marvel, anime, chibi, emoji, clipart, Busy Beaver, stock cafe cliché with latte art heart, cyberpunk, hyper-saturated, busy collage, chaotic composition, extra fingers, deformed anatomy, lowres, blurry, jpeg artifacts, Santa face, cupid, bunny mascot, cartoon turkey mascot, crucifix as logo, glowing cross icon, airline logos, passport photo faces, readable map text","Travel word search — hard difficulty illustration",""
"travel","hard-640","/public/images/themes/travel-hard-640.webp","640x480","(derive from master with node scripts/derive-images.mjs — do not regenerate separately unless needed)","P2","Travel","","Travel word search — hard difficulty illustration (640w)","derived"
"space","easy","/public/images/themes/space-easy.webp","1200x900","Hand-painted gouache and soft risograph illustration on warm cream paper, editorial magazine style, visible brush texture and slight ink misregistration, muted earth tones (paper #F4EFE6, ink #2C241B, moss #3D5A45, ochre #E8C99B, walnut #6B4F3A), flat soft lighting, quiet adult mood, no people faces, no text, no letters, no logos, no watermarks, square-safe composition with breathing room, tactile handmade feel. FIXED CAMERA / SAME SERIES RULES: identical viewpoint, camera distance, table or shelf plane, palette, and soft indoor light as the other two difficulty frames for this theme. Same prop base language — only object count and scene fullness change. Keep calm adult editorial mood; denser detail must still feel quiet, never chaotic. Square-safe 4:3 difficulty illustration for Words at Rest theme 'Space' (space), DIFFICULTY LEVEL: EASY. Motif: a soft crescent moon alone on cream night-tint paper, generous empty space (1 motif). Leave bottom ~20% slightly simpler for optional UI overlay. No readable text. WordsAtRest editorial gouache risograph v1. WordsAtRest difficulty progression v1 — space-easy.","P2","Space","text, letters, typography, watermark, logo, brand name, UI mockup, photorealistic stock photo, glossy 3D render, plastic CGI, purple neon gradient, floating blobs, sparkles, glitter, lens flare, oversmoothed skin, beautiful young influencer face, children, kids cartoon, Disney, Marvel, anime, chibi, emoji, clipart, Busy Beaver, stock cafe cliché with latte art heart, cyberpunk, hyper-saturated, busy collage, chaotic composition, extra fingers, deformed anatomy, lowres, blurry, jpeg artifacts, Santa face, cupid, bunny mascot, cartoon turkey mascot, crucifix as logo, glowing cross icon, spaceship CGI, alien cartoon, neon galaxy","Space word search — easy difficulty illustration","Large Print reuses easy"
"space","easy-640","/public/images/themes/space-easy-640.webp","640x480","(derive from master with node scripts/derive-images.mjs — do not regenerate separately unless needed)","P2","Space","","Space word search — easy difficulty illustration (640w)","derived"
"space","medium","/public/images/themes/space-medium.webp","1200x900","Hand-painted gouache and soft risograph illustration on warm cream paper, editorial magazine style, visible brush texture and slight ink misregistration, muted earth tones (paper #F4EFE6, ink #2C241B, moss #3D5A45, ochre #E8C99B, walnut #6B4F3A), flat soft lighting, quiet adult mood, no people faces, no text, no letters, no logos, no watermarks, square-safe composition with breathing room, tactile handmade feel. FIXED CAMERA / SAME SERIES RULES: identical viewpoint, camera distance, table or shelf plane, palette, and soft indoor light as the other two difficulty frames for this theme. Same prop base language — only object count and scene fullness change. Keep calm adult editorial mood; denser detail must still feel quiet, never chaotic. Square-safe 4:3 difficulty illustration for Words at Rest theme 'Space' (space), DIFFICULTY LEVEL: MEDIUM. Motif: the same crescent moon with sparse star paint flecks (~4–5 motifs). Leave bottom ~20% slightly simpler for optional UI overlay. No readable text. WordsAtRest editorial gouache risograph v1. WordsAtRest difficulty progression v1 — space-medium.","P2","Space","text, letters, typography, watermark, logo, brand name, UI mockup, photorealistic stock photo, glossy 3D render, plastic CGI, purple neon gradient, floating blobs, sparkles, glitter, lens flare, oversmoothed skin, beautiful young influencer face, children, kids cartoon, Disney, Marvel, anime, chibi, emoji, clipart, Busy Beaver, stock cafe cliché with latte art heart, cyberpunk, hyper-saturated, busy collage, chaotic composition, extra fingers, deformed anatomy, lowres, blurry, jpeg artifacts, Santa face, cupid, bunny mascot, cartoon turkey mascot, crucifix as logo, glowing cross icon, spaceship CGI, alien cartoon, neon galaxy","Space word search — medium difficulty illustration",""
"space","medium-640","/public/images/themes/space-medium-640.webp","640x480","(derive from master with node scripts/derive-images.mjs — do not regenerate separately unless needed)","P2","Space","","Space word search — medium difficulty illustration (640w)","derived"
"space","hard","/public/images/themes/space-hard.webp","1200x900","Hand-painted gouache and soft risograph illustration on warm cream paper, editorial magazine style, visible brush texture and slight ink misregistration, muted earth tones (paper #F4EFE6, ink #2C241B, moss #3D5A45, ochre #E8C99B, walnut #6B4F3A), flat soft lighting, quiet adult mood, no people faces, no text, no letters, no logos, no watermarks, square-safe composition with breathing room, tactile handmade feel. FIXED CAMERA / SAME SERIES RULES: identical viewpoint, camera distance, table or shelf plane, palette, and soft indoor light as the other two difficulty frames for this theme. Same prop base language — only object count and scene fullness change. Keep calm adult editorial mood; denser detail must still feel quiet, never chaotic. Square-safe 4:3 difficulty illustration for Words at Rest theme 'Space' (space), DIFFICULTY LEVEL: HARD. Motif: the same contemplative night-sky scene now fuller: crescent moon, sparse stars and a telescope silhouette — quiet, not sci-fi chaos. Leave bottom ~20% slightly simpler for optional UI overlay. No readable text. WordsAtRest editorial gouache risograph v1. WordsAtRest difficulty progression v1 — space-hard.","P2","Space","text, letters, typography, watermark, logo, brand name, UI mockup, photorealistic stock photo, glossy 3D render, plastic CGI, purple neon gradient, floating blobs, sparkles, glitter, lens flare, oversmoothed skin, beautiful young influencer face, children, kids cartoon, Disney, Marvel, anime, chibi, emoji, clipart, Busy Beaver, stock cafe cliché with latte art heart, cyberpunk, hyper-saturated, busy collage, chaotic composition, extra fingers, deformed anatomy, lowres, blurry, jpeg artifacts, Santa face, cupid, bunny mascot, cartoon turkey mascot, crucifix as logo, glowing cross icon, spaceship CGI, alien cartoon, neon galaxy","Space word search — hard difficulty illustration",""
"space","hard-640","/public/images/themes/space-hard-640.webp","640x480","(derive from master with node scripts/derive-images.mjs — do not regenerate separately unless needed)","P2","Space","","Space word search — hard difficulty illustration (640w)","derived"
"large-print-pack","easy","/public/images/themes/large-print-pack-easy.webp","1200x900","Hand-painted gouache and soft risograph illustration on warm cream paper, editorial magazine style, visible brush texture and slight ink misregistration, muted earth tones (paper #F4EFE6, ink #2C241B, moss #3D5A45, ochre #E8C99B, walnut #6B4F3A), flat soft lighting, quiet adult mood, no people faces, no text, no letters, no logos, no watermarks, square-safe composition with breathing room, tactile handmade feel. FIXED CAMERA / SAME SERIES RULES: identical viewpoint, camera distance, table or shelf plane, palette, and soft indoor light as the other two difficulty frames for this theme. Same prop base language — only object count and scene fullness change. Keep calm adult editorial mood; denser detail must still feel quiet, never chaotic. Square-safe 4:3 difficulty illustration for Words at Rest theme 'Large Print Pack' (large-print-pack), DIFFICULTY LEVEL: EASY. Motif: a single pair of reading glasses on cream paper, generous empty space (1–2 objects). Leave bottom ~20% slightly simpler for optional UI overlay. No readable text. WordsAtRest editorial gouache risograph v1. WordsAtRest difficulty progression v1 — large-print-pack-easy.","P2","Large Print Pack","text, letters, typography, watermark, logo, brand name, UI mockup, photorealistic stock photo, glossy 3D render, plastic CGI, purple neon gradient, floating blobs, sparkles, glitter, lens flare, oversmoothed skin, beautiful young influencer face, children, kids cartoon, Disney, Marvel, anime, chibi, emoji, clipart, Busy Beaver, stock cafe cliché with latte art heart, cyberpunk, hyper-saturated, busy collage, chaotic composition, extra fingers, deformed anatomy, lowres, blurry, jpeg artifacts, Santa face, cupid, bunny mascot, cartoon turkey mascot, crucifix as logo, glowing cross icon, readable words, eye-chart letters spelling words","Large Print Pack word search — easy difficulty illustration","Large Print reuses easy"
"large-print-pack","easy-640","/public/images/themes/large-print-pack-easy-640.webp","640x480","(derive from master with node scripts/derive-images.mjs — do not regenerate separately unless needed)","P2","Large Print Pack","","Large Print Pack word search — easy difficulty illustration (640w)","derived"
"large-print-pack","medium","/public/images/themes/large-print-pack-medium.webp","1200x900","Hand-painted gouache and soft risograph illustration on warm cream paper, editorial magazine style, visible brush texture and slight ink misregistration, muted earth tones (paper #F4EFE6, ink #2C241B, moss #3D5A45, ochre #E8C99B, walnut #6B4F3A), flat soft lighting, quiet adult mood, no people faces, no text, no letters, no logos, no watermarks, square-safe composition with breathing room, tactile handmade feel. FIXED CAMERA / SAME SERIES RULES: identical viewpoint, camera distance, table or shelf plane, palette, and soft indoor light as the other two difficulty frames for this theme. Same prop base language — only object count and scene fullness change. Keep calm adult editorial mood; denser detail must still feel quiet, never chaotic. Square-safe 4:3 difficulty illustration for Words at Rest theme 'Large Print Pack' (large-print-pack), DIFFICULTY LEVEL: MEDIUM. Motif: the same glasses with a soft lamp glow nearby (~4–5 objects). Leave bottom ~20% slightly simpler for optional UI overlay. No readable text. WordsAtRest editorial gouache risograph v1. WordsAtRest difficulty progression v1 — large-print-pack-medium.","P2","Large Print Pack","text, letters, typography, watermark, logo, brand name, UI mockup, photorealistic stock photo, glossy 3D render, plastic CGI, purple neon gradient, floating blobs, sparkles, glitter, lens flare, oversmoothed skin, beautiful young influencer face, children, kids cartoon, Disney, Marvel, anime, chibi, emoji, clipart, Busy Beaver, stock cafe cliché with latte art heart, cyberpunk, hyper-saturated, busy collage, chaotic composition, extra fingers, deformed anatomy, lowres, blurry, jpeg artifacts, Santa face, cupid, bunny mascot, cartoon turkey mascot, crucifix as logo, glowing cross icon, readable words, eye-chart letters spelling words","Large Print Pack word search — medium difficulty illustration",""
"large-print-pack","medium-640","/public/images/themes/large-print-pack-medium-640.webp","640x480","(derive from master with node scripts/derive-images.mjs — do not regenerate separately unless needed)","P2","Large Print Pack","","Large Print Pack word search — medium difficulty illustration (640w)","derived"
"large-print-pack","hard","/public/images/themes/large-print-pack-hard.webp","1200x900","Hand-painted gouache and soft risograph illustration on warm cream paper, editorial magazine style, visible brush texture and slight ink misregistration, muted earth tones (paper #F4EFE6, ink #2C241B, moss #3D5A45, ochre #E8C99B, walnut #6B4F3A), flat soft lighting, quiet adult mood, no people faces, no text, no letters, no logos, no watermarks, square-safe composition with breathing room, tactile handmade feel. FIXED CAMERA / SAME SERIES RULES: identical viewpoint, camera distance, table or shelf plane, palette, and soft indoor light as the other two difficulty frames for this theme. Same prop base language — only object count and scene fullness change. Keep calm adult editorial mood; denser detail must still feel quiet, never chaotic. Square-safe 4:3 difficulty illustration for Words at Rest theme 'Large Print Pack' (large-print-pack), DIFFICULTY LEVEL: HARD. Motif: the same comfort-reading still life now fuller: reading glasses, soft lamp and oversized letterforms as abstract shapes ONLY (no readable words). Leave bottom ~20% slightly simpler for optional UI overlay. No readable text. WordsAtRest editorial gouache risograph v1. WordsAtRest difficulty progression v1 — large-print-pack-hard.","P2","Large Print Pack","text, letters, typography, watermark, logo, brand name, UI mockup, photorealistic stock photo, glossy 3D render, plastic CGI, purple neon gradient, floating blobs, sparkles, glitter, lens flare, oversmoothed skin, beautiful young influencer face, children, kids cartoon, Disney, Marvel, anime, chibi, emoji, clipart, Busy Beaver, stock cafe cliché with latte art heart, cyberpunk, hyper-saturated, busy collage, chaotic composition, extra fingers, deformed anatomy, lowres, blurry, jpeg artifacts, Santa face, cupid, bunny mascot, cartoon turkey mascot, crucifix as logo, glowing cross icon, readable words, eye-chart letters spelling words","Large Print Pack word search — hard difficulty illustration",""
"large-print-pack","hard-640","/public/images/themes/large-print-pack-hard-640.webp","640x480","(derive from master with node scripts/derive-images.mjs — do not regenerate separately unless needed)","P2","Large Print Pack","","Large Print Pack word search — hard difficulty illustration (640w)","derived"
"hard-pack","easy","/public/images/themes/hard-pack-easy.webp","1200x900","Hand-painted gouache and soft risograph illustration on warm cream paper, editorial magazine style, visible brush texture and slight ink misregistration, muted earth tones (paper #F4EFE6, ink #2C241B, moss #3D5A45, ochre #E8C99B, walnut #6B4F3A), flat soft lighting, quiet adult mood, no people faces, no text, no letters, no logos, no watermarks, square-safe composition with breathing room, tactile handmade feel. FIXED CAMERA / SAME SERIES RULES: identical viewpoint, camera distance, table or shelf plane, palette, and soft indoor light as the other two difficulty frames for this theme. Same prop base language — only object count and scene fullness change. Keep calm adult editorial mood; denser detail must still feel quiet, never chaotic. Square-safe 4:3 difficulty illustration for Words at Rest theme 'Hard Pack' (hard-pack), DIFFICULTY LEVEL: EASY. Motif: a single fountain pen on a wooden desk, generous empty cream space (1 object). Leave bottom ~20% slightly simpler for optional UI overlay. No readable text. WordsAtRest editorial gouache risograph v1. WordsAtRest difficulty progression v1 — hard-pack-easy.","P2","Hard Pack","text, letters, typography, watermark, logo, brand name, UI mockup, photorealistic stock photo, glossy 3D render, plastic CGI, purple neon gradient, floating blobs, sparkles, glitter, lens flare, oversmoothed skin, beautiful young influencer face, children, kids cartoon, Disney, Marvel, anime, chibi, emoji, clipart, Busy Beaver, stock cafe cliché with latte art heart, cyberpunk, hyper-saturated, busy collage, chaotic composition, extra fingers, deformed anatomy, lowres, blurry, jpeg artifacts, Santa face, cupid, bunny mascot, cartoon turkey mascot, crucifix as logo, glowing cross icon, YOU WIN trophy, confetti, neon game UI","Hard Pack word search — easy difficulty illustration","Large Print reuses easy"
"hard-pack","easy-640","/public/images/themes/hard-pack-easy-640.webp","640x480","(derive from master with node scripts/derive-images.mjs — do not regenerate separately unless needed)","P2","Hard Pack","","Hard Pack word search — easy difficulty illustration (640w)","derived"
"hard-pack","medium","/public/images/themes/hard-pack-medium.webp","1200x900","Hand-painted gouache and soft risograph illustration on warm cream paper, editorial magazine style, visible brush texture and slight ink misregistration, muted earth tones (paper #F4EFE6, ink #2C241B, moss #3D5A45, ochre #E8C99B, walnut #6B4F3A), flat soft lighting, quiet adult mood, no people faces, no text, no letters, no logos, no watermarks, square-safe composition with breathing room, tactile handmade feel. FIXED CAMERA / SAME SERIES RULES: identical viewpoint, camera distance, table or shelf plane, palette, and soft indoor light as the other two difficulty frames for this theme. Same prop base language — only object count and scene fullness change. Keep calm adult editorial mood; denser detail must still feel quiet, never chaotic. Square-safe 4:3 difficulty illustration for Words at Rest theme 'Hard Pack' (hard-pack), DIFFICULTY LEVEL: MEDIUM. Motif: the same fountain pen with a faint sparse ink-grid suggestion (~4–5 objects). Leave bottom ~20% slightly simpler for optional UI overlay. No readable text. WordsAtRest editorial gouache risograph v1. WordsAtRest difficulty progression v1 — hard-pack-medium.","P2","Hard Pack","text, letters, typography, watermark, logo, brand name, UI mockup, photorealistic stock photo, glossy 3D render, plastic CGI, purple neon gradient, floating blobs, sparkles, glitter, lens flare, oversmoothed skin, beautiful young influencer face, children, kids cartoon, Disney, Marvel, anime, chibi, emoji, clipart, Busy Beaver, stock cafe cliché with latte art heart, cyberpunk, hyper-saturated, busy collage, chaotic composition, extra fingers, deformed anatomy, lowres, blurry, jpeg artifacts, Santa face, cupid, bunny mascot, cartoon turkey mascot, crucifix as logo, glowing cross icon, YOU WIN trophy, confetti, neon game UI","Hard Pack word search — medium difficulty illustration",""
"hard-pack","medium-640","/public/images/themes/hard-pack-medium-640.webp","640x480","(derive from master with node scripts/derive-images.mjs — do not regenerate separately unless needed)","P2","Hard Pack","","Hard Pack word search — medium difficulty illustration (640w)","derived"
"hard-pack","hard","/public/images/themes/hard-pack-hard.webp","1200x900","Hand-painted gouache and soft risograph illustration on warm cream paper, editorial magazine style, visible brush texture and slight ink misregistration, muted earth tones (paper #F4EFE6, ink #2C241B, moss #3D5A45, ochre #E8C99B, walnut #6B4F3A), flat soft lighting, quiet adult mood, no people faces, no text, no letters, no logos, no watermarks, square-safe composition with breathing room, tactile handmade feel. FIXED CAMERA / SAME SERIES RULES: identical viewpoint, camera distance, table or shelf plane, palette, and soft indoor light as the other two difficulty frames for this theme. Same prop base language — only object count and scene fullness change. Keep calm adult editorial mood; denser detail must still feel quiet, never chaotic. Square-safe 4:3 difficulty illustration for Words at Rest theme 'Hard Pack' (hard-pack), DIFFICULTY LEVEL: HARD. Motif: the same challenge mood now dense: fountain pen, deep walnut tones and a richer ink crosshatch grid suggestion — serious adult puzzle, still calm not chaotic. Leave bottom ~20% slightly simpler for optional UI overlay. No readable text. WordsAtRest editorial gouache risograph v1. WordsAtRest difficulty progression v1 — hard-pack-hard.","P2","Hard Pack","text, letters, typography, watermark, logo, brand name, UI mockup, photorealistic stock photo, glossy 3D render, plastic CGI, purple neon gradient, floating blobs, sparkles, glitter, lens flare, oversmoothed skin, beautiful young influencer face, children, kids cartoon, Disney, Marvel, anime, chibi, emoji, clipart, Busy Beaver, stock cafe cliché with latte art heart, cyberpunk, hyper-saturated, busy collage, chaotic composition, extra fingers, deformed anatomy, lowres, blurry, jpeg artifacts, Santa face, cupid, bunny mascot, cartoon turkey mascot, crucifix as logo, glowing cross icon, YOU WIN trophy, confetti, neon game UI","Hard Pack word search — hard difficulty illustration",""
"hard-pack","hard-640","/public/images/themes/hard-pack-hard-640.webp","640x480","(derive from master with node scripts/derive-images.mjs — do not regenerate separately unless needed)","P2","Hard Pack","","Hard Pack word search — hard difficulty illustration (640w)","derived"
